Year,Month,Day,DocNo,Machine Name,Producted Item.Code,Producted Item.Name,ProducedQty,ScrapQtySum,AvgRejectPct,Reject_Status,RMCount,Reject_Limit_Status,Reject_Limit.AvgRejectPct_Item
2026,April,3,MS-26-02668,INJECTION AREA,BIO-SP-B-16,BIOHAZARDSPECIMENBAGCH#14X16,210,3,1.43%,Acceptable 🟢,1,Below usual 🔻,1.63%
2026,April,3,MS-26-02671,INJECTION AREA,PVC-73ME-M,PVCMXMED73MEM(MAIS),1370,10,0.73%,Acceptable 🟢,1,Below usual 🔻,0.93%
2026,April,3,MS-26-02672,INJECTION AREA,BBC-BODY2,BC-BODY-2,1649,29,1.76%,Acceptable 🟢,1,Above usual 🔺,1.24%
2026,April,3,MS-26-02673,INJECTION AREA,PET-50ML,PET PLASTIC BOTTLE 50 ML,39645,145,0.37%,Acceptable 🟢,1,Below usual 🔻,2.64%
2026,April,3,MS-26-02674,INJECTION AREA,PET-CAP-50,PET CAP FOR 50ML BOTTLE,17441,37,0.21%,Acceptable 🟢,1,Below usual 🔻,0.66%
2026,April,3,MS-26-02675,INJECTION AREA,BBT-7MM-5MTR,BABBLESTUBEID=7MMTL=5MT,796,11,1.38%,Acceptable 🟢,1,Below usual 🔻,2.35%
2026,April,3,MS-26-02676,INJECTION AREA,PVC-73ME-M,PVCMXMED73MEM(MAIS),1310,10,0.76%,Acceptable 🟢,1,Below usual 🔻,0.93%
2026,April,3,MS-26-02678,INJECTION AREA,F-S-HOLDER,FACESHEILDHOLDER,2734,42,1.54%,Acceptable 🟢,1,Above usual 🔺,0.48%
2026,April,3,MS-26-02679,INJECTION AREA,UM-CAP,URINALMALECOVERCAP,1635,29,1.77%,Acceptable 🟢,1,Above usual 🔺,0.49%
2026,April,3,MS-26-02680,INJECTION AREA,IV-HS-YL,CATHETERHUBG24W/OP,21956,5,0.02%,Acceptable 🟢,1,Below usual 🔻,0.23%
2026,April,3,MS-26-02681,INJECTION AREA,3WAY-KNOB-4,KNOB FOR 3WAY STOPCOCK-4,20740,7,0.03%,Acceptable 🟢,1,Below usual 🔻,0.09%
2026,April,3,MS-26-02682,INJECTION AREA,3WAY-HOU-5,3WAY HOUSING-5,13784,35,0.25%,Acceptable 🟢,1,Below usual 🔻,0.36%
2026,April,3,MS-26-02683,INJECTION AREA,YAN-CON-UV,YANKAUERCONNECTORUNIVERSAL,2144,2,0.09%,Acceptable 🟢,1,Below usual 🔻,0.23%
2026,April,3,MS-26-02684,INJECTION AREA,BBC-BODY-COV-2,BCBODYCOVER2,2585,10,0.39%,Acceptable 🟢,1,Above usual 🔺,0.36%
2026,April,3,MS-26-02685,INJECTION AREA,GG-LENSE-2,GOGGLE LENSE 2,656,6,0.91%,Acceptable 🟢,1,Below usual 🔻,3.99%
2026,April,3,MS-26-02692,INJECTION AREA,SUC-CON-T-180,SUCTIONCONNTUBES/S180CM.,3902,2,0.05%,Acceptable 🟢,1,Below usual 🔻,0.68%
2026,April,3,MS-26-02694,INJECTION AREA,BBC-BODY2,BC-BODY-2,2656,46,1.73%,Acceptable 🟢,1,Above usual 🔺,1.24%
2026,April,3,MS-26-02695,INJECTION AREA,BBT-7MM-5MTR,BABBLESTUBEID=7MMTL=5MT,808,8,0.99%,Acceptable 🟢,1,Below usual 🔻,2.35%
2026,April,3,MS-26-02747,ASSEMBLY AREA,G-071-2032,IV CANNULA G20X32 W/PORT,12500,14,0.06%,Acceptable 🟢,2,At usual ✅,0.06%
2026,April,3,MS-26-02768,ASSEMBLY AREA,G-070-1432,IVCANNULAWITHOUTPORT24GX13MM SHORT,15480,3173,1.47%,Acceptable 🟢,8,Above usual 🔺,1.44%
2026,April,3,MS-26-02769,ASSEMBLY AREA,G-041-200AP,BLOOD LINES FOR HAEMODIALYSIS GAMBRO AK-200-AP,413,4,0.32%,Acceptable 🟢,3,Below usual 🔻,0.75%
2026,April,3,MS-26-02770,ASSEMBLY AREA,G-050-6000,WASTEBAG,350,16,2.29%,Acceptable 🟢,2,Below usual 🔻,4.69%
2026,April,3,MS-26-02771,ASSEMBLY AREA,G-072-2619,IV CANNULA G26X19MM,12500,4041,2.31%,Acceptable 🟢,8,Above usual 🔺,2.04%
2026,April,3,MS-26-02772,PACKAGING AREA,G-140-0270,SUCTIONCONNECTINGTUBE SIZE 270CM,1100,7,0.32%,Acceptable 🟢,2,Above usual 🔺,0.23%
2026,April,3,MS-26-02773,PACKAGING AREA,G-DIS-20-240-13,SCISSOR SHARP BLUNT TIP DISPOSABLE STERILE SIZE: 13,4900,2,0.02%,Acceptable 🟢,2,At usual ✅,0.02%
2026,April,3,MS-26-02774,PACKAGING AREA,G-072-2619,IV CANNULA G26X19MM,17000,2.4,0.01%,Acceptable 🟢,2,Below usual 🔻,2.04%
2026,April,3,MS-26-02775,PACKAGING AREA,G-550-0440,UMBILICAL CATHETER SIZE # 04-40CM,850,8.2,0.48%,Acceptable 🟢,2,Below usual 🔻,0.67%
2026,April,3,MS-26-02776,PACKAGING AREA,G-162-1180,YANKUR SUCTION SET 180CM,3150,4.2,0.07%,Acceptable 🟢,2,Below usual 🔻,0.54%
2026,April,3,MS-26-02805,ASSEMBLY AREA,G-401-0010,3WAYSTOPCOCKWITH10CMTUBE-STERILE,13681,121,0.15%,Acceptable 🟢,6,Below usual 🔻,0.40%
2026,April,3,MS-26-02806,ASSEMBLY AREA,G-304-0650B,SODIUM BICARBONATE FOR FRESENIUS 5008 HAEMODIALYSIS SYSTEM SZ: 650 GRAM,2412,59,0.61%,Acceptable 🟢,4,Below usual 🔻,1.05%
2026,April,3,MS-26-02807,ASSEMBLY AREA,G-301-0650,SODIUM BICARBONATE GAMBRO 650 GRAM,890,113,2.54%,Acceptable 🟢,5,Above usual 🔺,1.97%
2026,April,3,MS-26-02808,ASSEMBLY AREA,G-304-0650B,SODIUM BICARBONATE FOR FRESENIUS 5008 HAEMODIALYSIS SYSTEM SZ: 650 GRAM,2412,2,0.08%,Acceptable 🟢,1,Below usual 🔻,1.05%
2026,April,3,MS-26-02812,ASSEMBLY AREA,G-301-0650,SODIUM BICARBONATE GAMBRO 650 GRAM,2140,191,1.79%,Acceptable 🟢,5,Below usual 🔻,1.97%
2026,April,5,MS-26-03876,SUPER MASTER #26,IV-HS-VIO,CATHETERHUBG26VIOS.W.W/OP,,0.05,,No data,1,No data,0.19%
2026,April,5,MS-26-03877,SUPER MASTER #25,3WAY-KNOB-4,KNOB FOR 3WAY STOPCOCK-4,,0.01,,No data,1,No data,0.09%
2026,April,5,MS-26-03878,ARBURG#12,IV-NP26-K-1,NEEDLEHOLDERG26W/P,,0.04,,No data,1,No data,0.09%
2026,April,5,MS-26-03879,HUARONG#33,3WAY-HOU-5,3WAY HOUSING-5,,0.02,,No data,1,No data,0.36%
2026,April,5,MS-26-03880,HUARONG#28,3WAY-HOU-4,3WAYHOUSING4,,0.02,,No data,1,No data,0.34%
2026,April,5,MS-26-03888,INJECTION AREA,PVC-78CGR-M,PVCCOMPOUNDMXMED78CGRM,15,15,100.00%,High reject 🔴,1,At usual ✅,100.00%
2026,April,5,MS-26-03889,NEW KAHLE,BU-070-1432,IV CANNULA WITHOUT PORT 14G NEEDLE LENGTH-32MM,,73.01,,No data,5,No data,
2026,April,5,MS-26-03890,OLD KAHLE,BU-072-2619,IV CANNULA SMALL WING WITHOUT PORT 26G NEEDLE LENGTH-19MM -,,28.43,,No data,5,No data,
2026,April,5,MS-26-03891,COLIMATIC 90-1,G-070-1432,IVCANNULAWITHOUTPORT24GX13MM SHORT,,0.78,,No data,2,No data,1.44%
2026,April,5,MS-26-03892,INJECTION AREA,IV-BS-2,BLOODSTOPPER-2,46033,33,0.07%,Acceptable 🟢,1,Above usual 🔺,0.06%
2026,April,5,MS-26-03893,INJECTION AREA,MALE-CON-LL-2,MALE CONNECTOR LUER LOCK NEW,25031,105,0.42%,Acceptable 🟢,1,Above usual 🔺,0.33%
2026,April,5,MS-26-03894,INJECTION AREA,YAN-CON-UV,YANKAUERCONNECTORUNIVERSAL,16888,27,0.16%,Acceptable 🟢,1,Below usual 🔻,0.23%
2026,April,5,MS-26-03895,INJECTION AREA,F-S-HOLDER,FACESHEILDHOLDER,3617,21,0.58%,Acceptable 🟢,1,Above usual 🔺,0.48%
2026,April,5,MS-26-03896,INJECTION AREA,UM-CAP,URINALMALECOVERCAP,668,2,0.30%,Acceptable 🟢,1,Below usual 🔻,0.49%
2026,April,5,MS-26-03897,INJECTION AREA,IV-NP26-K-1,NEEDLEHOLDERG26W/P,36867,27,0.07%,Acceptable 🟢,1,Below usual 🔻,0.09%
2026,April,5,MS-26-03898,INJECTION AREA,IV-B26,IV-BUSHINGPARTG26,80121,121,0.15%,Acceptable 🟢,1,Above usual 🔺,0.09%
2026,April,5,MS-26-03899,INJECTION AREA,HME-TV-FILTER-2,HME-THERMOVENTFILTER-2,4676,19,0.41%,Acceptable 🟢,1,Below usual 🔻,0.66%
2026,April,5,MS-26-03900,INJECTION AREA,3WAY-KNOB-4,KNOB FOR 3WAY STOPCOCK-4,21060,33,0.16%,Acceptable 🟢,1,Above usual 🔺,0.09%
2026,April,5,MS-26-03901,INJECTION AREA,IV-HS-VIO,CATHETERHUBG26VIOS.W.W/OP,29532,20,0.07%,Acceptable 🟢,1,Below usual 🔻,0.19%
2026,April,5,MS-26-03902,INJECTION AREA,IV-BS-2,BLOODSTOPPER-2,45616,16,0.04%,Acceptable 🟢,1,Below usual 🔻,0.06%
2026,April,5,MS-26-03903,INJECTION AREA,F-S-HOLDER,FACESHEILDHOLDER,4017,13,0.32%,Acceptable 🟢,1,Below usual 🔻,0.48%
2026,April,5,MS-26-03904,INJECTION AREA,UM-CAP,URINALMALECOVERCAP,1519,2,0.13%,Acceptable 🟢,1,Below usual 🔻,0.49%
2026,April,5,MS-26-03905,INJECTION AREA,IV-B26,IV-BUSHINGPARTG26,105050,50,0.05%,Acceptable 🟢,1,Below usual 🔻,0.09%
2026,April,5,MS-26-03906,INJECTION AREA,IV-NP26-K-1,NEEDLEHOLDERG26W/P,36598,20,0.05%,Acceptable 🟢,1,Below usual 🔻,0.09%
2026,April,5,MS-26-03907,INJECTION AREA,YAN-CON-UV,YANKAUERCONNECTORUNIVERSAL,17151,10,0.06%,Acceptable 🟢,1,Below usual 🔻,0.23%
2026,April,5,MS-26-03908,INJECTION AREA,MALE-CON-LL-2,MALE CONNECTOR LUER LOCK NEW,12658,50,0.40%,Acceptable 🟢,1,Above usual 🔺,0.33%
2026,April,5,MS-26-03909,INJECTION AREA,HME-TV-FILTER-2,HME-THERMOVENTFILTER-2,5008,20,0.40%,Acceptable 🟢,1,Below usual 🔻,0.66%
2026,April,5,MS-26-03910,INJECTION AREA,3WAY-KNOB-4,KNOB FOR 3WAY STOPCOCK-4,21774,10,0.05%,Acceptable 🟢,1,Below usual 🔻,0.09%
2026,April,5,MS-26-03911,INJECTION AREA,EP-UNIV,ENDPLUG-2,44802,26,0.06%,Acceptable 🟢,1,Below usual 🔻,0.08%
2026,April,5,MS-26-03912,INJECTION AREA,3WAY-HOU-4,3WAYHOUSING4,13046,130,1.00%,Acceptable 🟢,1,Above usual 🔺,0.34%
2026,April,5,MS-26-03913,INJECTION AREA,IV-HS-VIO,CATHETERHUBG26VIOS.W.W/OP,29288,20,0.07%,Acceptable 🟢,1,Below usual 🔻,0.19%
2026,April,5,MS-26-03914,INJECTION AREA,BB-HOLDER,HOLDERFORBCBAG,3817,5,0.13%,Acceptable 🟢,1,Below usual 🔻,0.48%
2026,April,5,MS-26-03915,INJECTION AREA,3WAY-HOU-5,3WAY HOUSING-5,14612,30,0.21%,Acceptable 🟢,1,Below usual 🔻,0.36%
2026,April,5,MS-26-03916,INJECTION AREA,PET-CAP-50,PET CAP FOR 50ML BOTTLE,14628,10,0.07%,Acceptable 🟢,1,Below usual 🔻,0.66%
2026,April,5,MS-26-03917,INJECTION AREA,PET-240ML,PET PLASTIC BOTTLE 240 ML WHITE,23180,80,0.35%,Acceptable 🟢,1,Below usual 🔻,0.79%
2026,April,5,MS-26-03918,INJECTION AREA,SUC-CON-T-270,SUCTIONCONNTUBES/S270MINI,2809,9,0.32%,Acceptable 🟢,1,Below usual 🔻,0.47%
2026,April,5,MS-26-03919,INJECTION AREA,SUC-CON-T-180,SUCTIONCONNTUBES/S180CM.,4015,15,0.37%,Acceptable 🟢,1,Below usual 🔻,0.68%
2026,April,5,MS-26-03920,INJECTION AREA,YAN-CON-UV,YANKAUERCONNECTORUNIVERSAL,16926,35,0.21%,Acceptable 🟢,1,Below usual 🔻,0.23%
2026,April,5,MS-26-03921,INJECTION AREA,HME-TV-FILTER-2,HME-THERMOVENTFILTER-2,5512,73,1.32%,Acceptable 🟢,1,Above usual 🔺,0.66%
2026,April,5,MS-26-03922,INJECTION AREA,IV-BS-2,BLOODSTOPPER-2,45625,25,0.05%,Acceptable 🟢,1,Below usual 🔻,0.06%
2026,April,5,MS-26-03923,INJECTION AREA,MALE-CON-LL-2,MALE CONNECTOR LUER LOCK NEW,22285,257,1.15%,Acceptable 🟢,1,Above usual 🔺,0.33%
2026,April,5,MS-26-03924,INJECTION AREA,IV-B26,IV-BUSHINGPARTG26,105090,90,0.09%,Acceptable 🟢,1,Below usual 🔻,0.09%
2026,April,5,MS-26-03925,INJECTION AREA,F-S-HOLDER,FACESHEILDHOLDER,4101,15,0.37%,Acceptable 🟢,1,Below usual 🔻,0.48%
2026,April,5,MS-26-03926,INJECTION AREA,IV-NP26-K-1,NEEDLEHOLDERG26W/P,34236,27,0.08%,Acceptable 🟢,1,Below usual 🔻,0.09%
2026,April,5,MS-26-03927,INJECTION AREA,OXY-T-CON-L-3,UNIVERSALCONNECTOR3,78173,120,0.15%,Acceptable 🟢,1,Below usual 🔻,0.20%
2026,April,5,MS-26-03928,INJECTION AREA,3WAY-KNOB-4,KNOB FOR 3WAY STOPCOCK-4,18401,20,0.11%,Acceptable 🟢,1,Above usual 🔺,0.09%
2026,April,5,MS-26-03929,INJECTION AREA,3WAY-HOU-5,3WAY HOUSING-5,14436,20,0.14%,Acceptable 🟢,1,Below usual 🔻,0.36%
2026,April,5,MS-26-03930,INJECTION AREA,IV-HS-VIO,CATHETERHUBG26VIOS.W.W/OP,28565,29,0.10%,Acceptable 🟢,1,Below usual 🔻,0.19%
2026,April,5,MS-26-03931,INJECTION AREA,UM-CAP,URINALMALECOVERCAP,1545,5,0.32%,Acceptable 🟢,1,Below usual 🔻,0.49%
2026,April,5,MS-26-03932,INJECTION AREA,3WAY-HOU-5,3WAY HOUSING-5,14516,17,0.12%,Acceptable 🟢,1,Below usual 🔻,0.36%
2026,April,5,MS-26-03933,INJECTION AREA,EP-UNIV,ENDPLUG-2,45021,22,0.05%,Acceptable 🟢,1,Below usual 🔻,0.08%
2026,April,5,MS-26-03934,INJECTION AREA,BB-HOLDER,HOLDERFORBCBAG,2900,12,0.41%,Acceptable 🟢,1,Below usual 🔻,0.48%
2026,April,5,MS-26-03935,INJECTION AREA,SUC-CON-T-270,SUCTIONCONNTUBES/S270MINI,2860,10,0.35%,Acceptable 🟢,1,Below usual 🔻,0.47%
2026,April,5,MS-26-03936,INJECTION AREA,SUC-CON-T-180,SUCTIONCONNTUBES/S180CM.,3915,15,0.38%,Acceptable 🟢,1,Below usual 🔻,0.68%
2026,April,5,MS-26-03937,INJECTION AREA,3WAY-M-CAP,3WAYMALECAP,37511,290,0.77%,Acceptable 🟢,1,Above usual 🔺,0.16%
2026,April,5,MS-26-03938,INJECTION AREA,HD-BOT-300,HD PLASTIC BOTTLE 300 ML WHITE,410,10,2.44%,Acceptable 🟢,1,Above usual 🔺,1.73%
2026,April,5,MS-26-03939,INJECTION AREA,PET-240ML,PET PLASTIC BOTTLE 240 ML WHITE,7235,35,0.48%,Acceptable 🟢,1,Below usual 🔻,0.79%
2026,April,5,MS-26-03940,INJECTION AREA,OXY-TUBE-195,OXYGENTUBEL=195CM,6624,24,0.36%,Acceptable 🟢,1,Below usual 🔻,0.39%
2026,April,5,MS-26-03941,INJECTION AREA,3WAY-T-10CM,3WAYSTOPCOCKT.2.7X4.15X100,30610,110,0.36%,Acceptable 🟢,1,Below usual 🔻,0.44%
2026,April,5,MS-26-03942,INJECTION AREA,EP-UNIV,ENDPLUG-2,34779,75,0.22%,Acceptable 🟢,1,Above usual 🔺,0.08%
2026,April,5,MS-26-03943,INJECTION AREA,PET-CAP-50,PET CAP FOR 50ML BOTTLE,15216,24,0.16%,Acceptable 🟢,1,Below usual 🔻,0.66%
2026,April,5,MS-26-03944,INJECTION AREA,SUC-CON-T-180,SUCTIONCONNTUBES/S180CM.,4023,18,0.45%,Acceptable 🟢,1,Below usual 🔻,0.68%
2026,April,5,MS-26-03946,INJECTION AREA,BB-HOLDER,HOLDERFORBCBAG,3774,13,0.34%,Acceptable 🟢,1,Below usual 🔻,0.48%
2026,April,5,MS-26-03947,INJECTION AREA,BIO-SP-B-16,BIOHAZARDSPECIMENBAGCH#14X16,2216,16,0.72%,Acceptable 🟢,1,Below usual 🔻,1.63%
2026,April,5,MS-26-03948,INJECTION AREA,P-FILM-12,POKETFILMCH12,153,3,1.96%,Acceptable 🟢,1,Above usual 🔺,1.67%
2026,April,5,MS-26-03949,INJECTION AREA,P-FLM-7,POKETFILM7CM,516,6,1.16%,Acceptable 🟢,1,Below usual 🔻,1.85%
2026,April,5,MS-26-03950,INJECTION AREA,P-BAG-35,PLASTIC BAG SIZE # 35 CM,604,4,0.66%,Acceptable 🟢,1,Below usual 🔻,2.22%
2026,April,5,MS-26-03951,INJECTION AREA,P-BAG-20,P BAG SIZE 20CM FOR MASK,314,2,0.64%,Acceptable 🟢,1,Below usual 🔻,1.71%
2026,April,5,MS-26-03952,SUPERMASTER#26,IV-HS-VIO,CATHETERHUBG26VIOS.W.W/OP,,0.05,,No data,1,No data,0.19%
2026,April,5,MS-26-03953,SUPERMASTER#25,3WAY-KNOB-4,KNOB FOR 3WAY STOPCOCK-4,,0.01,,No data,1,No data,0.09%
2026,April,6,MS-26-03954,HUARONG#28,3WAY-HOU-4,3WAYHOUSING4,,0.02,,No data,1,No data,0.34%
2026,April,6,MS-26-03955,HUARONG#33,3WAY-HOU-5,3WAY HOUSING-5,,0.02,,No data,1,No data,0.36%
2026,April,6,MS-26-03956,SUPER MASTER #26,IV-HS-VIO,CATHETERHUBG26VIOS.W.W/OP,,0.05,,No data,1,No data,0.19%
2026,April,6,MS-26-03957,SUPER MASTER #25,3WAY-KNOB-4,KNOB FOR 3WAY STOPCOCK-4,,0.01,,No data,1,No data,0.09%
2026,April,6,MS-26-03958,PAK FORM-2,G-691-3075C,"ENDOTRACHEAL TUBE PREFORMED ORAL CONICAL SHAPE CUFF, WITH TWO VOCAL CORD MARKING SIZE: 7.5MM (ID)",,3,,No data,3,No data,
2026,April,6,MS-26-03959,PAK-FORM-2,G-691-2870,"ENDOTRACHEALTUBEORALPREFORMEDCUFFEDFR28ID7.0MM,OD9.3MM",,3,,No data,3,No data,
2026,April,6,MS-26-03960,NEW KAHLE,BU-070-1432,IV CANNULA WITHOUT PORT 14G NEEDLE LENGTH-32MM,,73.01,,No data,5,No data,
2026,April,6,MS-26-03961,COLIMATIC 90-1,G-070-1432,IVCANNULAWITHOUTPORT24GX13MM SHORT,,0.78,,No data,2,No data,1.44%
2026,April,6,MS-26-03962,OLD KAHLE,BU-072-2619,IV CANNULA SMALL WING WITHOUT PORT 26G NEEDLE LENGTH-19MM -,,28.43,,No data,5,No data,
2026,April,6,MS-26-03965,PAK FORM-2,G-534-1000,TRACHEOSTOMYMASK-ADULT,,1.2000000000000002,,No data,3,No data,0.24%
2026,April,6,MS-26-03966,PANTAGON 3WAY ASS: M/C,BU-401-0010,3 WAY STOPCOCK WITH 10 CM TUBE -STERILE,,64,,No data,6,No data,0.25%
2026,April,6,MS-26-03967,INJECTION AREA,3WAY-M-CAP,3WAYMALECAP,53483,150,0.28%,Acceptable 🟢,1,Above usual 🔺,0.16%
2026,April,6,MS-26-03968,INJECTION AREA,F-S-HOLDER,FACESHEILDHOLDER,3970,15,0.38%,Acceptable 🟢,1,Below usual 🔻,0.48%
2026,April,6,MS-26-03969,INJECTION AREA,IV-BS-2,BLOODSTOPPER-2,46420,20,0.04%,Acceptable 🟢,1,Below usual 🔻,0.06%
2026,April,6,MS-26-03970,HUARONG#28,3WAY-HOU-4,3WAYHOUSING4,,0.02,,No data,1,No data,0.34%
2026,April,6,MS-26-03971,INJECTION AREA,IV-B26,IV-BUSHINGPARTG26,105080,80,0.08%,Acceptable 🟢,1,Below usual 🔻,0.09%
2026,April,6,MS-26-03972,INJECTION AREA,YAN-CON-UV,YANKAUERCONNECTORUNIVERSAL,17190,13,0.08%,Acceptable 🟢,1,Below usual 🔻,0.23%
2026,April,6,MS-26-03973,HUARONG#33,3WAY-HOU-5,3WAY HOUSING-5,,0.02,,No data,1,No data,0.36%
2026,April,6,MS-26-03974,INJECTION AREA,HME-TV-FILTER-2,HME-THERMOVENTFILTER-2,5326,25,0.47%,Acceptable 🟢,1,Below usual 🔻,0.66%
2026,April,6,MS-26-03975,INJECTION AREA,3WAY-KNOB-4,KNOB FOR 3WAY STOPCOCK-4,21039,10,0.05%,Acceptable 🟢,1,Below usual 🔻,0.09%
2026,April,6,MS-26-03976,INJECTION AREA,IV-HS-VIO,CATHETERHUBG26VIOS.W.W/OP,29527,15,0.05%,Acceptable 🟢,1,Below usual 🔻,0.19%
2026,April,6,MS-26-03977,INJECTION AREA,3WAY-HOU-4,3WAYHOUSING4,1510,10,0.66%,Acceptable 🟢,1,Above usual 🔺,0.34%
2026,April,6,MS-26-03978,INJECTION AREA,3WAY-HOU-4,3WAYHOUSING4,18034,35,0.19%,Acceptable 🟢,1,Below usual 🔻,0.34%
2026,April,6,MS-26-03979,INJECTION AREA,EP-UNIV,ENDPLUG-2,46603,26,0.06%,Acceptable 🟢,1,Below usual 🔻,0.08%
2026,April,6,MS-26-03980,INJECTION AREA,PETRI-DISH,PETRI DISH,2577,57,2.21%,Acceptable 🟢,1,Below usual 🔻,4.76%
2026,April,6,MS-26-03981,INJECTION AREA,PET-240ML,PET PLASTIC BOTTLE 240 ML WHITE,11048,48,0.43%,Acceptable 🟢,1,Below usual 🔻,0.79%
2026,April,6,MS-26-03982,INJECTION AREA,BB-HOLDER,HOLDERFORBCBAG,3933,12,0.31%,Acceptable 🟢,1,Below usual 🔻,0.48%
2026,April,6,MS-26-03983,INJECTION AREA,3WAY-HOU-5,3WAY HOUSING-5,14946,30,0.20%,Acceptable 🟢,1,Below usual 🔻,0.36%
2026,April,6,MS-26-03984,INJECTION AREA,SUC-CON-T-270,SUCTIONCONNTUBES/S270MINI,2803,3,0.11%,Acceptable 🟢,1,Below usual 🔻,0.47%
2026,April,6,MS-26-03985,INJECTION AREA,SUC-CON-T-180,SUCTIONCONNTUBES/S180CM.,4013,13,0.32%,Acceptable 🟢,1,Below usual 🔻,0.68%
2026,April,6,MS-26-03986,SUPERMASTER#26,IV-HS-VIO,CATHETERHUBG26VIOS.W.W/OP,,0.05,,No data,1,No data,0.19%
2026,April,6,MS-26-03987,SUPERMASTER#25,3WAY-KNOB-4,KNOB FOR 3WAY STOPCOCK-4,,0.01,,No data,1,No data,0.09%
2026,April,7,MS-26-03988,HOURONG#33,3WAY-HOU-5,3WAY HOUSING-5,,0.02,,No data,1,No data,0.36%
2026,April,7,MS-26-03989,HUARONG#28,3WAY-HOU-4,3WAYHOUSING4,,0.02,,No data,1,No data,0.34%
2026,April,7,MS-26-03990,Zhongyi-3,G-506-3280T,TUBE ENDOTRACHEAL POLYVINYL ORAL/NASAL TYPE TAPERED CUFFED WITH 15 MM TERMINATION CONNECTOR WITH SUBGLOTTIC SUCTION ID. 8.0MM,,1.12,,No data,3,No data,
2026,April,7,MS-26-03991,Zhongyi-3,G-506-3075T,"ENDOTRACHEAL TUBE ORAL / NASAL TAPERED CUFF, WITH SUBGLOTTIC SUCTION PORT SIZE 7.5MM DISPOSABLE, STERILE",,1.12,,No data,3,No data,
2026,April,7,MS-26-03992,Multivac,G-710-0607,EYESHIELDFORADULT-NONSTERILE,,1.08,,No data,3,No data,0.06%
2026,April,7,MS-26-03993,Multivac,G-710-0607,EYESHIELDFORADULT-NONSTERILE,,1.08,,No data,3,No data,0.06%
2026,April,7,MS-26-03994,Multivac,G-710-0607,EYESHIELDFORADULT-NONSTERILE,,1.08,,No data,3,No data,0.06%
2026,April,7,MS-26-03995,ARBURG#12,IV-NP24-K-1,NEEDLEHOLDERW/PG24W/OSMMPNEEDLEHOLDERW/PG24KAHL,,0.04,,No data,1,No data,0.10%
2026,April,7,MS-26-03996,SUPER MASTER #25,3WAY-KNOB-4,KNOB FOR 3WAY STOPCOCK-4,,0.01,,No data,1,No data,0.09%
2026,April,7,MS-26-03997,SUPER MASTER #26,IV-HS-VIO,CATHETERHUBG26VIOS.W.W/OP,,0.05,,No data,1,No data,0.19%
2026,April,7,MS-26-03998,NEW KAHLE,BU-070-1432,IV CANNULA WITHOUT PORT 14G NEEDLE LENGTH-32MM,,73.01,,No data,5,No data,
2026,April,7,MS-26-03999,OLD KAHLE,BU-072-2619,IV CANNULA SMALL WING WITHOUT PORT 26G NEEDLE LENGTH-19MM -,,28.43,,No data,5,No data,
2026,April,7,MS-26-04000,NELI PACK,G-189-XR25,INJECTOR DUAL SYRINGE 2x200 ML AND COILED LOW PRESSURE CONNECTOR,,1.15,,No data,1,No data,1.03%
2026,April,7,MS-26-04001,INJECTION AREA,OXY-T-CON-L-3,UNIVERSALCONNECTOR3,20762,50,0.24%,Acceptable 🟢,1,Above usual 🔺,0.20%
2026,April,7,MS-26-04002,INJECTION AREA,UM-CAP,URINALMALECOVERCAP,3251,20,0.62%,Acceptable 🟢,1,Above usual 🔺,0.49%
2026,April,7,MS-26-04003,INJECTION AREA,IV-BS-2,BLOODSTOPPER-2,46055,55,0.12%,Acceptable 🟢,1,Above usual 🔺,0.06%
2026,April,7,MS-26-04005,INJECTION AREA,3WAY-M-CAP,3WAYMALECAP,47996,220,0.46%,Acceptable 🟢,1,Above usual 🔺,0.16%
2026,April,7,MS-26-04006,INJECTION AREA,MALE-CON-LL-2,MALE CONNECTOR LUER LOCK NEW,21373,215,1.01%,Acceptable 🟢,1,Above usual 🔺,0.33%
2026,April,7,MS-26-04008,INJECTION AREA,IV-HS-VIO,CATHETERHUBG26VIOS.W.W/OP,29539,27,0.09%,Acceptable 🟢,1,Below usual 🔻,0.19%
2026,April,7,MS-26-04009,INJECTION AREA,IV-B26,IV-BUSHINGPARTG26,105110,110,0.10%,Acceptable 🟢,1,Above usual 🔺,0.09%
2026,April,7,MS-26-04010,INJECTION AREA,3WAY-KNOB-4,KNOB FOR 3WAY STOPCOCK-4,21353,30,0.14%,Acceptable 🟢,1,Above usual 🔺,0.09%
2026,April,7,MS-26-04012,INJECTION AREA,IV-NP24-K-1,NEEDLEHOLDERW/PG24W/OSMMPNEEDLEHOLDERW/PG24KAHL,14565,65,0.45%,Acceptable 🟢,1,Above usual 🔺,0.10%
2026,April,7,MS-26-04014,INJECTION AREA,HME-TV-FILTER-2,HME-THERMOVENTFILTER-2,5359,8,0.15%,Acceptable 🟢,1,Below usual 🔻,0.66%
2026,April,7,MS-26-04015,INJECTION AREA,3WAY-HOU-4,3WAYHOUSING4,14446,30,0.21%,Acceptable 🟢,1,Below usual 🔻,0.34%
2026,April,7,MS-26-04017,INJECTION AREA,F-S-HOLDER,FACESHEILDHOLDER,4092,13,0.32%,Acceptable 🟢,1,Below usual 🔻,0.48%
2026,April,7,MS-26-04020,INJECTION AREA,PET-CAP-50,PET CAP FOR 50ML BOTTLE,17944,35,0.20%,Acceptable 🟢,1,Below usual 🔻,0.66%
2026,April,7,MS-26-04022,INJECTION AREA,PET-50ML,PET PLASTIC BOTTLE 50 ML,3160,100,3.16%,Acceptable 🟢,1,Above usual 🔺,2.64%
2026,April,7,MS-26-04023,INJECTION AREA,PET-240ML,PET PLASTIC BOTTLE 240 ML WHITE,630,10,1.59%,Acceptable 🟢,1,Above usual 🔺,0.79%
2026,April,7,MS-26-04024,INJECTION AREA,SUC-CON-T-180,SUCTIONCONNTUBES/S180CM.,4015,15,0.37%,Acceptable 🟢,1,Below usual 🔻,0.68%
2026,April,7,MS-26-04025,INJECTION AREA,SUC-CON-T-210,SUCTIONCONNECTINGTUBE210CM,3425,25,0.73%,Acceptable 🟢,1,Above usual 🔺,0.51%
2026,April,7,MS-26-04026,INJECTION AREA,3WAY-T-10CM,3WAYSTOPCOCKT.2.7X4.15X100,40250,250,0.62%,Acceptable 🟢,1,Above usual 🔺,0.44%
2026,April,7,MS-26-04027,INJECTION AREA,BB-HOLDER,HOLDERFORBCBAG,3842,5,0.13%,Acceptable 🟢,1,Below usual 🔻,0.48%
2026,April,7,MS-26-04028,INJECTION AREA,EP-UNIV,ENDPLUG-2,45995,33,0.07%,Acceptable 🟢,1,Below usual 🔻,0.08%
2026,April,7,MS-26-04029,INJECTION AREA,3WAY-HOU-5,3WAY HOUSING-5,14107,25,0.18%,Acceptable 🟢,1,Below usual 🔻,0.36%
2026,April,7,MS-26-04030,INJECTION AREA,PETRI-DISH,PETRI DISH,1585,35,2.21%,Acceptable 🟢,1,Below usual 🔻,4.76%
2026,April,7,MS-26-04031,INJECTION AREA,YAN-CON-UV,YANKAUERCONNECTORUNIVERSAL,17419,27,0.16%,Acceptable 🟢,1,Below usual 🔻,0.23%
2026,April,5,MS-26-04041, ASSEMBLY AREA,G-070-1432,IVCANNULAWITHOUTPORT24GX13MM SHORT,22450,4722,1.62%,Acceptable 🟢,7,Above usual 🔺,1.44%
2026,April,5,MS-26-04042, ASSEMBLY AREA,G-072-2619,IV CANNULA G26X19MM,7300,2801,2.95%,Acceptable 🟢,7,Above usual 🔺,2.04%
2026,April,5,MS-26-04055,PACKAGING AREA,G-070-1432,IVCANNULAWITHOUTPORT24GX13MM SHORT,33000,4.08,0.01%,Acceptable 🟢,2,Below usual 🔻,1.44%
2026,April,7,MS-26-04058,SUPERMASTER#26,IV-HS-VIO,CATHETERHUBG26VIOS.W.W/OP,,0.05,,No data,1,No data,0.19%
2026,April,7,MS-26-04059,SUPERMASTER#25,3WAY-KNOB-4,KNOB FOR 3WAY STOPCOCK-4,,0.01,,No data,1,No data,0.09%
2026,April,7,MS-26-04060,ARBURG#12,IV-NP24-K-1,NEEDLEHOLDERW/PG24W/OSMMPNEEDLEHOLDERW/PG24KAHL,,0.04,,No data,1,No data,0.10%
2026,April,8,MS-26-04061,HUARONG#33,3WAY-HOU-5,3WAY HOUSING-5,,0.02,,No data,1,No data,0.36%
2026,April,8,MS-26-04062,SUPER MASTER #26,IV-HS-VIO,CATHETERHUBG26VIOS.W.W/OP,,0.05,,No data,1,No data,0.19%
2026,April,8,MS-26-04063,ARBURG#12,IV-NP24-K-1,NEEDLEHOLDERW/PG24W/OSMMPNEEDLEHOLDERW/PG24KAHL,,0.03,,No data,1,No data,0.10%
2026,April,8,MS-26-04064,SUPER MASTER #25,3WAY-KNOB-4,KNOB FOR 3WAY STOPCOCK-4,,0.01,,No data,1,No data,0.09%
2026,April,5,MS-26-04078,ASSEMBLY AREA,G-401-0010,3WAYSTOPCOCKWITH10CMTUBE-STERILE,18000,665,0.74%,Acceptable 🟢,5,Above usual 🔺,0.40%
2026,April,7,MS-26-04079,ASSEMBLY AREA,G-401-0010,3WAYSTOPCOCKWITH10CMTUBE-STERILE,15000,962,1.07%,Acceptable 🟢,6,Above usual 🔺,0.40%
2026,April,5,MS-26-04083,ASSEMBLY AREA,G-304-0650B,SODIUM BICARBONATE FOR FRESENIUS 5008 HAEMODIALYSIS SYSTEM SZ: 650 GRAM,3096,120.36,0.98%,Acceptable 🟢,4,Below usual 🔻,1.05%
2026,April,6,MS-26-04084,ASSEMBLY AREA,G-304-0650B,SODIUM BICARBONATE FOR FRESENIUS 5008 HAEMODIALYSIS SYSTEM SZ: 650 GRAM,1872,37.36,0.50%,Acceptable 🟢,4,Below usual 🔻,1.05%
2026,April,8,MS-26-04086,INJECTION AREA,IV-BS-2,BLOODSTOPPER-2,24015,15,0.06%,Acceptable 🟢,1,Above usual 🔺,0.06%
2026,April,8,MS-26-04087,INJECTION AREA,IV-BS-2,BLOODSTOPPER-2,22420,20,0.09%,Acceptable 🟢,1,Above usual 🔺,0.06%
2026,April,8,MS-26-04089,INJECTION AREA,3WAY-M-CAP,3WAYMALECAP,52827,50,0.09%,Acceptable 🟢,1,Below usual 🔻,0.16%
2026,April,8,MS-26-04090,INJECTION AREA,F-S-HOLDER,FACESHEILDHOLDER,4091,9,0.22%,Acceptable 🟢,1,Below usual 🔻,0.48%
2026,April,8,MS-26-04091,INJECTION AREA,UM-CAP,URINALMALECOVERCAP,2597,10,0.39%,Acceptable 🟢,1,Below usual 🔻,0.49%
2026,April,8,MS-26-04092,INJECTION AREA,IV-NP24-K-1,NEEDLEHOLDERW/PG24W/OSMMPNEEDLEHOLDERW/PG24KAHL,34776,26,0.07%,Acceptable 🟢,1,Below usual 🔻,0.10%
2026,April,8,MS-26-04093,INJECTION AREA,MALE-CON-LL-2,MALE CONNECTOR LUER LOCK NEW,26100,159,0.61%,Acceptable 🟢,1,Above usual 🔺,0.33%
2026,April,8,MS-26-04094,INJECTION AREA,YAN-CON-UV,YANKAUERCONNECTORUNIVERSAL,17157,16,0.09%,Acceptable 🟢,1,Below usual 🔻,0.23%
2026,April,8,MS-26-04095,INJECTION AREA,HME-TV-FILTER-2,HME-THERMOVENTFILTER-2,5505,5,0.09%,Acceptable 🟢,1,Below usual 🔻,0.66%
2026,April,8,MS-26-04096,INJECTION AREA,PVC-701BL-M,PVC COMPOUND 701BL-M,1625,25,1.54%,Acceptable 🟢,1,Below usual 🔻,1.75%
2026,April,8,MS-26-04097,INJECTION AREA,3WAY-KNOB-4,KNOB FOR 3WAY STOPCOCK-4,20742,7,0.03%,Acceptable 🟢,1,Below usual 🔻,0.09%
2026,April,8,MS-26-04098,INJECTION AREA,IV-HS-VIO,CATHETERHUBG26VIOS.W.W/OP,29766,11,0.04%,Acceptable 🟢,1,Below usual 🔻,0.19%
2026,April,8,MS-26-04099,INJECTION AREA,SUC-CON-T-180,SUCTIONCONNTUBES/S180CM.,3507,7,0.20%,Acceptable 🟢,1,Below usual 🔻,0.68%
2026,April,8,MS-26-04100,INJECTION AREA,SUC-CON-T-210,SUCTIONCONNECTINGTUBE210CM,3409,9,0.26%,Acceptable 🟢,1,Below usual 🔻,0.51%
2026,April,8,MS-26-04101,INJECTION AREA,EP-UNIV,ENDPLUG-2,45684,25,0.05%,Acceptable 🟢,1,Below usual 🔻,0.08%
2026,April,8,MS-26-04102,INJECTION AREA,BB-HOLDER,HOLDERFORBCBAG,3791,13,0.34%,Acceptable 🟢,1,Below usual 🔻,0.48%
2026,April,8,MS-26-04103,INJECTION AREA,PET-CAP-50,PET CAP FOR 50ML BOTTLE,14198,54,0.38%,Acceptable 🟢,1,Below usual 🔻,0.66%
2026,April,8,MS-26-04104,INJECTION AREA,3WAY-HOU-5,3WAY HOUSING-5,14693,27,0.18%,Acceptable 🟢,1,Below usual 🔻,0.36%
2026,April,8,MS-26-04105,INJECTION AREA,3WAY-T-10CM,3WAYSTOPCOCKT.2.7X4.15X100,8035,35,0.44%,Acceptable 🟢,1,Above usual 🔺,0.44%
2026,April,6,MS-26-04106,ASSEMBLY AREA,G-301-0650,SODIUM BICARBONATE GAMBRO 650 GRAM,1440,25,0.35%,Acceptable 🟢,5,Below usual 🔻,1.97%
2026,April,5,MS-26-04107,ASSEMBLY AREA,G-301-0650,SODIUM BICARBONATE GAMBRO 650 GRAM,1330,108,1.62%,Acceptable 🟢,5,Below usual 🔻,1.97%
2026,April,8,MS-26-04108,SUPERMASTER#25,IV-HS-YL,CATHETERHUBG24W/OP,,0.03,,No data,1,No data,0.23%
2026,April,8,MS-26-04109,SUPERMASTER#26,IV-HS-VIO,CATHETERHUBG26VIOS.W.W/OP,,0.05,,No data,1,No data,0.19%
2026,April,8,MS-26-04110,SUPERMASTER#25,3WAY-KNOB-4,KNOB FOR 3WAY STOPCOCK-4,,0.01,,No data,1,No data,0.09%
2026,April,8,MS-26-04111,ARBURG#12,IV-NP24-K-1,NEEDLEHOLDERW/PG24W/OSMMPNEEDLEHOLDERW/PG24KAHL,,0.04,,No data,1,No data,0.10%
2026,April,9,MS-26-04112,SUPER MASTER #26,IV-HS-VIO,CATHETERHUBG26VIOS.W.W/OP,,0.05,,No data,1,No data,0.19%
2026,April,9,MS-26-04113,ARBURG#12,IV-NP24-K-1,NEEDLEHOLDERW/PG24W/OSMMPNEEDLEHOLDERW/PG24KAHL,,0.04,,No data,1,No data,0.10%
2026,April,9,MS-26-04114,Super Master#25,3WAY-KNOB-4,KNOB FOR 3WAY STOPCOCK-4,,0.01,,No data,1,No data,0.09%
2026,April,9,MS-26-04115,HUARONG#33,3WAY-HOU-5,3WAY HOUSING-5,,0.02,,No data,1,No data,0.36%
2026,April,9,MS-26-04116,ZHONGYI-5,G-134-1220,NELATON CATH HYDROPHILIC SELF LUBRICATED READY TO USE PVC FREE FEMALE SIZE:12FR L-20CM,,1,,No data,3,No data,0.24%
2026,April,9,MS-26-04117,Thera-650,G-442-1415,2-WAY F. CATHTER S/C SIZE: 14-15ML,,1.2000000000000002,,No data,3,No data,0.31%
2026,April,5,MS-26-04119,ASSEMBLY AREA,G-301-0650,SODIUM BICARBONATE GAMBRO 650 GRAM,1330,5,0.38%,Acceptable 🟢,1,Below usual 🔻,1.97%
2026,April,6,MS-26-04120,ASSEMBLY AREA,G-070-1432,IVCANNULAWITHOUTPORT24GX13MM SHORT,22450,2073,1.54%,Acceptable 🟢,4,Above usual 🔺,1.44%
2026,April,7,MS-26-04121,PACKAGING AREA,G-270-3001,STRAPRESTRAINTFORLIMBS-STERILE,3000,1.16,0.02%,Acceptable 🟢,2,Below usual 🔻,0.24%
2026,April,7,MS-26-04122,PACKAGING AREA,G-442-1615,2-WAY F. CATHTER S/C SIZE: 16-15ML,500,6,0.60%,Acceptable 🟢,2,At usual ✅,0.60%
2026,April,9,MS-26-04124,NEW KAHLE,BU-070-1432,IV CANNULA WITHOUT PORT 14G NEEDLE LENGTH-32MM,,73.01,,No data,5,No data,
2026,April,9,MS-26-04125,OLD KAHLE,BU-072-2619,IV CANNULA SMALL WING WITHOUT PORT 26G NEEDLE LENGTH-19MM -,,28.43,,No data,5,No data,
2026,April,9,MS-26-04126,NELI PACK,G-189-XR25,INJECTOR DUAL SYRINGE 2x200 ML AND COILED LOW PRESSURE CONNECTOR,,0.92,,No data,1,No data,1.03%
2026,April,9,MS-26-04127,INJECTION AREA,3WAY-M-CAP,3WAYMALECAP,56685,20,0.04%,Acceptable 🟢,1,Below usual 🔻,0.16%
2026,April,9,MS-26-04128,INJECTION AREA,IV-BS-2,BLOODSTOPPER-2,46030,30,0.07%,Acceptable 🟢,1,Above usual 🔺,0.06%
2026,April,9,MS-26-04129,INJECTION AREA,F-S-HOLDER,FACESHEILDHOLDER,4219,11,0.26%,Acceptable 🟢,1,Below usual 🔻,0.48%
2026,April,9,MS-26-04130,INJECTION AREA,UM-CAP,URINALMALECOVERCAP,1258,2,0.16%,Acceptable 🟢,1,Below usual 🔻,0.49%
2026,April,9,MS-26-04131,INJECTION AREA,IV-B24,BUSHINGPARTG24,70150,150,0.21%,Acceptable 🟢,1,Above usual 🔺,0.11%
2026,April,9,MS-26-04132,INJECTION AREA,IV-NP24-K-1,NEEDLEHOLDERW/PG24W/OSMMPNEEDLEHOLDERW/PG24KAHL,34515,15,0.04%,Acceptable 🟢,1,Below usual 🔻,0.10%
2026,April,9,MS-26-04133,INJECTION AREA,YAN-CON-UV,YANKAUERCONNECTORUNIVERSAL,17516,18,0.10%,Acceptable 🟢,1,Below usual 🔻,0.23%
2026,April,9,MS-26-04134,INJECTION AREA,MALE-CON-LL-2,MALE CONNECTOR LUER LOCK NEW,29801,92,0.31%,Acceptable 🟢,1,Below usual 🔻,0.33%
2026,April,9,MS-26-04135,INJECTION AREA,HME-TV-FILTER-2,HME-THERMOVENTFILTER-2,5345,10,0.19%,Acceptable 🟢,1,Below usual 🔻,0.66%
2026,April,9,MS-26-04136,INJECTION AREA,IV-HS-YL,CATHETERHUBG24W/OP,21730,23,0.11%,Acceptable 🟢,1,Below usual 🔻,0.23%
2026,April,9,MS-26-04137,INJECTION AREA,3WAY-KNOB-4,KNOB FOR 3WAY STOPCOCK-4,22504,5,0.02%,Acceptable 🟢,1,Below usual 🔻,0.09%
2026,April,9,MS-26-04138,INJECTION AREA,IV-HS-VIO,CATHETERHUBG26VIOS.W.W/OP,29278,10,0.03%,Acceptable 🟢,1,Below usual 🔻,0.19%
2026,April,9,MS-26-04139,INJECTION AREA,EP-UNIV,ENDPLUG-2,45679,20,0.04%,Acceptable 🟢,1,Below usual 🔻,0.08%
2026,April,9,MS-26-04140,INJECTION AREA,COR-CON-N,CORRUGATEDTUBEADAPTORNEONATE,4279,90,2.10%,Acceptable 🟢,1,Above usual 🔺,1.22%
2026,April,9,MS-26-04141,INJECTION AREA,PETRI-DISH,PETRI DISH,1042,34,3.26%,Acceptable 🟢,1,Below usual 🔻,4.76%
2026,April,9,MS-26-04142,INJECTION AREA,3WAY-HOU-5,3WAY HOUSING-5,14602,20,0.14%,Acceptable 🟢,1,Below usual 🔻,0.36%
2026,April,9,MS-26-04143,INJECTION AREA,BB-HOLDER,HOLDERFORBCBAG,3657,14,0.38%,Acceptable 🟢,1,Below usual 🔻,0.48%
2026,April,9,MS-26-04144,INJECTION AREA,PET-CAP-50,PET CAP FOR 50ML BOTTLE,14857,18,0.12%,Acceptable 🟢,1,Below usual 🔻,0.66%
2026,April,9,MS-26-04145,INJECTION AREA,BBT-7MM-5MTR,BABBLESTUBEID=7MMTL=5MT,507,7,1.38%,Acceptable 🟢,1,Below usual 🔻,2.35%
2026,April,9,MS-26-04146,INJECTION AREA,SUC-CON-T-180,SUCTIONCONNTUBES/S180CM.,3315,15,0.45%,Acceptable 🟢,1,Below usual 🔻,0.68%
2026,April,9,MS-26-04147,INJECTION AREA,SUC-CON-T-180,SUCTIONCONNTUBES/S180CM.,502,2,0.40%,Acceptable 🟢,1,Below usual 🔻,0.68%
2026,April,9,MS-26-04148,INJECTION AREA,SUC-CON-T-210,SUCTIONCONNECTINGTUBE210CM,2812,12,0.43%,Acceptable 🟢,1,Below usual 🔻,0.51%
2026,April,9,MS-26-04149,HUARONG#28,3WAY-HOU-4,3WAYHOUSING4,,0.02,,No data,1,No data,0.34%
2026,April,9,MS-26-04150,HUARONG#33,3WAY-HOU-5,3WAY HOUSING-5,,0.02,,No data,1,No data,0.36%
2026,April,9,MS-26-04151,PANTAGON 3WAY ASS:M/C,BU-401-0010,3 WAY STOPCOCK WITH 10 CM TUBE -STERILE,,32,,No data,6,No data,0.25%
2026,April,9,MS-26-04152,SUPERMASTER#23,IV-HS-YL,CATHETERHUBG24W/OP,,0.03,,No data,1,No data,0.23%
2026,April,9,MS-26-04153,SUPERMASTER#25,3WAY-KNOB-4,KNOB FOR 3WAY STOPCOCK-4,,0.01,,No data,1,No data,0.09%
2026,April,9,MS-26-04154,ARBURG#12,IV-NP24-K-1,NEEDLEHOLDERW/PG24W/OSMMPNEEDLEHOLDERW/PG24KAHL,,0.04,,No data,1,No data,0.10%
2026,April,10,MS-26-04155,HUARONG#33,3WAY-HOU-5,3WAY HOUSING-5,,0.02,,No data,1,No data,0.36%
2026,April,10,MS-26-04156,ARBURG#12,IV-NP24-K-1,NEEDLEHOLDERW/PG24W/OSMMPNEEDLEHOLDERW/PG24KAHL,,0.03,,No data,1,No data,0.10%
2026,April,10,MS-26-04157,Super Master#25,3WAY-KNOB-4,KNOB FOR 3WAY STOPCOCK-4,,0.01,,No data,1,No data,0.09%
2026,April,10,MS-26-04158,SUPER MASTER#23,IV-HS-YL,CATHETERHUBG24W/OP,,0.03,,No data,1,No data,0.23%
2026,April,10,MS-26-04159,SUPERMASTER#23,IV-HS-YL,CATHETERHUBG24W/OP,,0.03,,No data,1,No data,0.23%
2026,April,10,MS-26-04160,SUPERMASTER#25,3WAY-KNOB-4,KNOB FOR 3WAY STOPCOCK-4,,0.01,,No data,1,No data,0.09%
2026,April,10,MS-26-04161,ARBURG#12,IV-NP24-K-1,NEEDLEHOLDERW/PG24W/OSMMPNEEDLEHOLDERW/PG24KAHL,,0.04,,No data,1,No data,0.10%
2026,April,11,MS-26-04162,Super Master#25,3WAY-KNOB-4,KNOB FOR 3WAY STOPCOCK-4,,0.01,,No data,1,No data,0.09%
2026,April,11,MS-26-04163,ARBURG#12,IV-NP24-K-1,NEEDLEHOLDERW/PG24W/OSMMPNEEDLEHOLDERW/PG24KAHL,,0.03,,No data,1,No data,0.10%
2026,April,11,MS-26-04164,SUPER MASTER #23,IV-HS-YL,CATHETERHUBG24W/OP,,0.03,,No data,1,No data,0.23%
2026,April,11,MS-26-04165,SUPERMASTER#23,IV-HS-YL,CATHETERHUBG24W/OP,,0.03,,No data,1,No data,0.23%
2026,April,11,MS-26-04166,SUPERMASTER#25,3WAY-KNOB-4,KNOB FOR 3WAY STOPCOCK-4,,0.01,,No data,1,No data,0.09%
2026,April,11,MS-26-04167,ARBURG#12,IV-NP24-K-1,NEEDLEHOLDERW/PG24W/OSMMPNEEDLEHOLDERW/PG24KAHL,,0.04,,No data,1,No data,0.10%
2026,April,11,MS-26-04168,HUARONG#33,3WAY-HOU-5,3WAY HOUSING-5,,0.02,,No data,1,No data,0.36%
2026,April,11,MS-26-04169,HUARONG#28,3WAY-HOU-4,3WAYHOUSING4,,0.02,,No data,1,No data,0.34%
2026,April,12,MS-26-04170,HUARONG#33,3WAY-HOU-5,3WAY HOUSING-5,,0.02,,No data,1,No data,0.36%
2026,April,12,MS-26-04171,HUARONG#28,3WAY-HOU-4,3WAYHOUSING4,,0.02,,No data,1,No data,0.34%
2026,April,12,MS-26-04172,Zhongyi-3,G-501-2050,ENDOTRACHEAL TUBE ORAL/NASAL CUFFED ID-5.0MM,,1.1800000000000002,,No data,3,No data,0.17%
2026,April,12,MS-26-04173,Zhongyi-3,G-500-1845,ENDOTRACHEAL TUBE ORAL UNCUFFED SIZE # 4.5MM,,1.1800000000000002,,No data,3,No data,1.21%
2026,April,12,MS-26-04174,SUPER MASTER #23,IV-HS-YL,CATHETERHUBG24W/OP,,0.05,,No data,1,No data,0.23%
2026,April,12,MS-26-04175,Super Master#25,3WAY-KNOB-4,KNOB FOR 3WAY STOPCOCK-4,,0.01,,No data,1,No data,0.09%
2026,April,12,MS-26-04176,ARBURG#12,IV-NP24-K-1,NEEDLEHOLDERW/PG24W/OSMMPNEEDLEHOLDERW/PG24KAHL,,0.03,,No data,1,No data,0.10%
2026,April,12,MS-26-04177,NEW KAHLE,BU-070-1432,IV CANNULA WITHOUT PORT 14G NEEDLE LENGTH-32MM,,56.83,,No data,5,No data,
2026,April,12,MS-26-04178,OLD KAHLE,BU-072-2619,IV CANNULA SMALL WING WITHOUT PORT 26G NEEDLE LENGTH-19MM -,,28.43,,No data,5,No data,
2026,April,9,MS-26-04180,PACKIAGING AREA,G-141-0210,SUCTION CONNECTING TUBE 2 METER,4050,16.34,0.20%,Acceptable 🟢,2,Above usual 🔺,0.16%
2026,April,9,MS-26-04181,PACKIAGING AREA,G-682-1200,INTUBATING STYLET CH.12,350,4,0.57%,Acceptable 🟢,2,At usual ✅,0.57%
2026,April,9,MS-26-04182,PACKIAGING AREA,G-574-2400,"THORACIC CATHETER, WITH TROCAR, STRAIGHT,TRANSPARENT,SIZE -24",210,2,0.48%,Acceptable 🟢,2,Below usual 🔻,1.42%
2026,April,9,MS-26-04183,PACKIAGING AREA,G-574-2400,"THORACIC CATHETER, WITH TROCAR, STRAIGHT,TRANSPARENT,SIZE -24",200,4,1.00%,Acceptable 🟢,2,Below usual 🔻,1.42%
2026,April,9,MS-26-04184,PACKIAGING AREA,G-501-2665,ENDOTRACHEALTUBE O/N CUFFED SIZE # 6.5MM,1000,3,0.15%,Acceptable 🟢,2,Above usual 🔺,0.13%
2026,April,9,MS-26-04185,PACKIAGING AREA,G-131-1050,MALE NEALTON CATH CH:10-50CM,2650,14,0.26%,Acceptable 🟢,2,At usual ✅,0.26%
2026,April,9,MS-26-04186,PACKIAGING AREA,G-123-1650,SUCTION CATH F/C CH:16 L-50CM,5182,6,0.06%,Acceptable 🟢,2,Below usual 🔻,0.25%
2026,April,10,MS-26-04188,PACKIAGING AREA,G-500-2050,ENDOTRACHEALTUBE O/N UNCUFFED SIZE # 5.0MM,2500,10.8,0.22%,Acceptable 🟢,2,Below usual 🔻,0.52%
2026,April,12,MS-26-04189,INJECTION AREA,3WAY-M-CAP,3WAYMALECAP,51730,65,0.13%,Acceptable 🟢,1,Below usual 🔻,0.16%
2026,April,12,MS-26-04190,INJECTION AREA,IV-BS-2,BLOODSTOPPER-2,44830,30,0.07%,Acceptable 🟢,1,Above usual 🔺,0.06%
2026,April,12,MS-26-04191,INJECTION AREA,F-S-HOLDER,FACESHEILDHOLDER,4009,27,0.67%,Acceptable 🟢,1,Above usual 🔺,0.48%
2026,April,12,MS-26-04192,INJECTION AREA,IV-B24,BUSHINGPARTG24,110080,80,0.07%,Acceptable 🟢,1,Below usual 🔻,0.11%
2026,April,12,MS-26-04193,INJECTION AREA,IV-NP24-K-1,NEEDLEHOLDERW/PG24W/OSMMPNEEDLEHOLDERW/PG24KAHL,35537,37,0.10%,Acceptable 🟢,1,Above usual 🔺,0.10%
2026,April,12,MS-26-04195,INJECTION AREA,YAN-CON-UV,YANKAUERCONNECTORUNIVERSAL,16325,41,0.25%,Acceptable 🟢,1,Above usual 🔺,0.23%
2026,April,12,MS-26-04196,INJECTION AREA,HME-TV-FILTER-2,HME-THERMOVENTFILTER-2,1099,5,0.45%,Acceptable 🟢,1,Below usual 🔻,0.66%
2026,April,12,MS-26-04197,INJECTION AREA,IV-HS-YL,CATHETERHUBG24W/OP,22711,30,0.13%,Acceptable 🟢,1,Below usual 🔻,0.23%
2026,April,12,MS-26-04198,INJECTION AREA,3WAY-HOU-5,3WAY HOUSING-5,10400,152,1.46%,Acceptable 🟢,1,Above usual 🔺,0.36%
2026,April,12,MS-26-04200,INJECTION AREA,BC-H-CAP,BC BAG HOLDER CAP,8029,30,0.37%,Acceptable 🟢,1,Above usual 🔺,0.36%
2026,April,12,MS-26-04201,INJECTION AREA,3WAY-M-CAP,3WAYMALECAP,55624,70,0.13%,Acceptable 🟢,1,Below usual 🔻,0.16%
2026,April,12,MS-26-04202,INJECTION AREA,IV-BS-2,BLOODSTOPPER-2,46426,26,0.06%,Acceptable 🟢,1,Above usual 🔺,0.06%
2026,April,12,MS-26-04203,INJECTION AREA,F-S-HOLDER,FACESHEILDHOLDER,3987,9,0.23%,Acceptable 🟢,1,Below usual 🔻,0.48%
2026,April,12,MS-26-04204,INJECTION AREA,IV-B24,BUSHINGPARTG24,95070,70,0.07%,Acceptable 🟢,1,Below usual 🔻,0.11%
2026,April,12,MS-26-04205,INJECTION AREA,IV-NP24-K-1,NEEDLEHOLDERW/PG24W/OSMMPNEEDLEHOLDERW/PG24KAHL,33535,35,0.10%,Acceptable 🟢,1,Above usual 🔺,0.10%
2026,April,12,MS-26-04206,INJECTION AREA,YAN-CON-UV,YANKAUERCONNECTORUNIVERSAL,16814,30,0.18%,Acceptable 🟢,1,Below usual 🔻,0.23%
2026,April,12,MS-26-04207,INJECTION AREA,HME-TV-FILTER-2,HME-THERMOVENTFILTER-2,5825,22,0.38%,Acceptable 🟢,1,Below usual 🔻,0.66%
2026,April,12,MS-26-04208,INJECTION AREA,IV-HS-YL,CATHETERHUBG24W/OP,23673,15,0.06%,Acceptable 🟢,1,Below usual 🔻,0.23%
2026,April,12,MS-26-04209,INJECTION AREA,3WAY-HOU-4,3WAYHOUSING4,11239,73,0.65%,Acceptable 🟢,1,Above usual 🔺,0.34%
2026,April,12,MS-26-04210,INJECTION AREA,EP-UNIV,ENDPLUG-2,46026,38,0.08%,Acceptable 🟢,1,Above usual 🔺,0.08%
2026,April,12,MS-26-04211,INJECTION AREA,MALE-CON-LL-2,MALE CONNECTOR LUER LOCK NEW,9061,61,0.67%,Acceptable 🟢,1,Above usual 🔺,0.33%
2026,April,12,MS-26-04212,INJECTION AREA,MALE-CON-LL-2,MALE CONNECTOR LUER LOCK NEW,29362,70,0.24%,Acceptable 🟢,1,Below usual 🔻,0.33%
2026,April,12,MS-26-04213,INJECTION AREA,PET-CAP-50,PET CAP FOR 50ML BOTTLE,13885,26,0.19%,Acceptable 🟢,1,Below usual 🔻,0.66%
2026,April,12,MS-26-04214,INJECTION AREA,3WAY-KNOB-4,KNOB FOR 3WAY STOPCOCK-4,22039,10,0.05%,Acceptable 🟢,1,Below usual 🔻,0.09%
2026,April,12,MS-26-04215,INJECTION AREA,3WAY-HOU-5,3WAY HOUSING-5,14450,50,0.35%,Acceptable 🟢,1,Below usual 🔻,0.36%
2026,April,12,MS-26-04216,INJECTION AREA,BB-HOLDER,HOLDERFORBCBAG,3707,5,0.13%,Acceptable 🟢,1,Below usual 🔻,0.48%
2026,April,12,MS-26-04217,INJECTION AREA,PET-50ML,PET PLASTIC BOTTLE 50 ML,24110,110,0.46%,Acceptable 🟢,1,Below usual 🔻,2.64%
2026,April,12,MS-26-04218,INJECTION AREA,SUC-CON-T-270,SUCTIONCONNTUBES/S270MINI,2211,11,0.50%,Acceptable 🟢,1,Above usual 🔺,0.47%
2026,April,12,MS-26-04219,INJECTION AREA,SUC-CON-T-180,SUCTIONCONNTUBES/S180CM.,4011,11,0.27%,Acceptable 🟢,1,Below usual 🔻,0.68%
2026,April,12,MS-26-04220,INJECTION AREA,EXT-DT-456812M,Drain Line Extension Tubing L-12 Meter ID: 4.5mm OD: 6.8mm,399,14,3.51%,Acceptable 🟢,1,Above usual 🔺,1.50%
2026,April,12,MS-26-04221,INJECTION AREA,EXT-DT-456812M,Drain Line Extension Tubing L-12 Meter ID: 4.5mm OD: 6.8mm,444,4,0.90%,Acceptable 🟢,1,Below usual 🔻,1.50%
2026,April,12,MS-26-04222,INJECTION AREA,BBT-7MM-5MTR,BABBLESTUBEID=7MMTL=5MT,910,10,1.10%,Acceptable 🟢,1,Below usual 🔻,2.35%
2026,April,12,MS-26-04223,SUPERMASTER#23,IV-HS-YL,CATHETERHUBG24W/OP,,0.03,,No data,1,No data,0.23%
2026,April,12,MS-26-04224,SUPERMASTER#25,3WAY-KNOB-4,KNOB FOR 3WAY STOPCOCK-4,,0.01,,No data,1,No data,0.09%
2026,April,12,MS-26-04225,ARBURG#12,IV-NP24-K-1,NEEDLEHOLDERW/PG24W/OSMMPNEEDLEHOLDERW/PG24KAHL,,0.04,,No data,1,No data,0.10%
2026,April,13,MS-26-04226,Huarong#32,3WAY-HOU-4,3WAYHOUSING4,,0.02,,No data,1,No data,0.34%
2026,April,13,MS-26-04227,HUARONG#33,3WAY-HOU-5,3WAY HOUSING-5,,0.02,,No data,1,No data,0.36%
2026,April,8,MS-26-04231,ASSEMPLY AREA,G-950-0700,BUBBLE TUBE SUCTION TUBING CONNECTING (CLEAR)BUBBLE EACH 90CM ID: 7.0 L-30MTR,1350,6,0.44%,Acceptable 🟢,1,At usual ✅,0.44%
2026,April,11,MS-26-04232,PACKGING AREA,G-093-3000C,LARYNGEAL MASK AIRWAY HYPER CURVE 90 DEGREE ANGLE SIZE- 3.0,9000,7,0.04%,Acceptable 🟢,2,At usual ✅,0.04%
2026,April,11,MS-26-04233,PACKGING AREA,G-500-1845,ENDOTRACHEAL TUBE ORAL UNCUFFED SIZE # 4.5MM,4100,5.2,0.06%,Acceptable 🟢,2,Below usual 🔻,1.21%
2026,April,8,MS-26-04234,ASSEMBLY AREA,G-711-2102,"Face Shield , without sponge Hard Frame type Nose Mouth & Eyes Covered",3000,31,1.03%,Acceptable 🟢,1,Below usual 🔻,5.97%
2026,April,8,MS-26-04235,ASSEMBLY AREA,G-123-1650,SUCTION CATH F/C CH:16 L-50CM,1732,3,0.17%,Acceptable 🟢,1,Below usual 🔻,0.25%
2026,April,8,MS-26-04236,ASSEMBLY AREA,G-123-0850,SUCTION CATHETER FINGER CONTROL VALVE L-50 CM SZ-08,5000,19,0.38%,Acceptable 🟢,1,Above usual 🔺,0.15%
2026,April,9,MS-26-04237,ASSEMBLY AREA,G-711-2102,"Face Shield , without sponge Hard Frame type Nose Mouth & Eyes Covered",950,18,0.95%,Acceptable 🟢,2,Below usual 🔻,5.97%
2026,April,13,MS-26-04238,ARBURG#12,IV-NP24-K-1,NEEDLEHOLDERW/PG24W/OSMMPNEEDLEHOLDERW/PG24KAHL,,0.03,,No data,1,No data,0.10%
2026,April,13,MS-26-04239,SUPER MASTER #23,IV-HS-YL,CATHETERHUBG24W/OP,,0.05,,No data,1,No data,0.23%
2026,April,13,MS-26-04240,Super Master#25,3WAY-KNOB-4,KNOB FOR 3WAY STOPCOCK-4,,0.01,,No data,1,No data,0.09%
2026,April,9,MS-26-04241,ASSMBLE AREA,G-162-1180,YANKUR SUCTION SET 180CM,5200,40,0.77%,Acceptable 🟢,1,Above usual 🔺,0.54%
2026,April,9,MS-26-04242,ASSMBLE AREA,G-140-0270,SUCTIONCONNECTINGTUBE SIZE 270CM,4600,5,0.11%,Acceptable 🟢,1,Below usual 🔻,0.23%
2026,April,9,MS-26-04243,ASSMBLE AREA,G-653-1000,BREATHINGFILTERWITHHMEPEDIATRIC,1330,47,1.18%,Acceptable 🟢,3,Above usual 🔺,0.75%
2026,April,9,MS-26-04244,PACKGING AREA,G-070-1432,IVCANNULAWITHOUTPORT24GX13MM SHORT,15900,3369,1.76%,Acceptable 🟢,7,Above usual 🔺,1.44%
2026,April,11,MS-26-04245, ASSEMBLY AREA,G-070-1432,IVCANNULAWITHOUTPORT24GX13MM SHORT,15950,5030,2.10%,Acceptable 🟢,8,Above usual 🔺,1.44%
2026,April,9,MS-26-04246,PACKGING AREA,G-072-2619,IV CANNULA G26X19MM,7000,2308,3.30%,Acceptable 🟢,6,Above usual 🔺,2.04%
2026,April,13,MS-26-04247,INJECTION AREA,3WAY-M-CAP,3WAYMALECAP,56430,20,0.04%,Acceptable 🟢,1,Below usual 🔻,0.16%
2026,April,13,MS-26-04248,INJECTION AREA,IV-BS-2,BLOODSTOPPER-2,39230,30,0.08%,Acceptable 🟢,1,Above usual 🔺,0.06%
2026,April,13,MS-26-04249,INJECTION AREA,F-S-HOLDER,FACESHEILDHOLDER,4012,7,0.17%,Acceptable 🟢,1,Below usual 🔻,0.48%
2026,April,13,MS-26-04250,INJECTION AREA,IV-B24,BUSHINGPARTG24,100090,90,0.09%,Acceptable 🟢,1,Below usual 🔻,0.11%
2026,April,13,MS-26-04251,INJECTION AREA,IV-NP24-K-1,NEEDLEHOLDERW/PG24W/OSMMPNEEDLEHOLDERW/PG24KAHL,34760,10,0.03%,Acceptable 🟢,1,Below usual 🔻,0.10%
2026,April,13,MS-26-04253,INJECTION AREA,HME-TV-FILTER-2,HME-THERMOVENTFILTER-2,2530,10,0.40%,Acceptable 🟢,1,Below usual 🔻,0.66%
2026,April,13,MS-26-04254,INJECTION AREA,IV-HS-YL,CATHETERHUBG24W/OP,22956,30,0.13%,Acceptable 🟢,1,Below usual 🔻,0.23%
2026,April,13,MS-26-04255,INJECTION AREA,3WAY-HOU-4,3WAYHOUSING4,12981,65,0.50%,Acceptable 🟢,1,Above usual 🔺,0.34%
2026,April,13,MS-26-04256,INJECTION AREA,COR-CON-N,CORRUGATEDTUBEADAPTORNEONATE,6191,35,0.57%,Acceptable 🟢,1,Below usual 🔻,1.22%
2026,April,13,MS-26-04257,INJECTION AREA,IV-HS-VIO,CATHETERHUBG26VIOS.W.W/OP,10761,30,0.28%,Acceptable 🟢,1,Above usual 🔺,0.19%
2026,April,13,MS-26-04258,INJECTION AREA,EXT-DT-456812M,Drain Line Extension Tubing L-12 Meter ID: 4.5mm OD: 6.8mm,745,5,0.67%,Acceptable 🟢,1,Below usual 🔻,1.50%
2026,April,13,MS-26-04259,INJECTION AREA,EXT-DT-456812M,Drain Line Extension Tubing L-12 Meter ID: 4.5mm OD: 6.8mm,836,6,0.72%,Acceptable 🟢,1,Below usual 🔻,1.50%
2026,April,13,MS-26-04260,INJECTION AREA,PET-50ML,PET PLASTIC BOTTLE 50 ML,21115,115,0.54%,Acceptable 🟢,1,Below usual 🔻,2.64%
2026,April,13,MS-26-04261,INJECTION AREA,BB-HOLDER,HOLDERFORBCBAG,3715,4,0.11%,Acceptable 🟢,1,Below usual 🔻,0.48%
2026,April,13,MS-26-04262,INJECTION AREA,HD-BOT-1000,HD BOTTLE 1000 ML,2770,20,0.72%,Acceptable 🟢,1,At usual ✅,0.72%
2026,April,13,MS-26-04263,INJECTION AREA,PET-CAP-50,PET CAP FOR 50ML BOTTLE,8847,20,0.23%,Acceptable 🟢,1,Below usual 🔻,0.66%
2026,April,13,MS-26-04264,INJECTION AREA,3WAY-KNOB-4,KNOB FOR 3WAY STOPCOCK-4,25152,5,0.02%,Acceptable 🟢,1,Below usual 🔻,0.09%
2026,April,13,MS-26-04265,INJECTION AREA,EP-UNIV,ENDPLUG-2,45724,30,0.07%,Acceptable 🟢,1,Below usual 🔻,0.08%
2026,April,13,MS-26-04266,INJECTION AREA,MALE-CON-LL-2,MALE CONNECTOR LUER LOCK NEW,30777,53,0.17%,Acceptable 🟢,1,Below usual 🔻,0.33%
2026,April,13,MS-26-04267,INJECTION AREA,SUC-CON-T-180,SUCTIONCONNTUBES/S180CM.,1005,5,0.50%,Acceptable 🟢,1,Below usual 🔻,0.68%
2026,April,13,MS-26-04268,INJECTION AREA,BBT-7MM-5MTR,BABBLESTUBEID=7MMTL=5MT,909,9,0.99%,Acceptable 🟢,1,Below usual 🔻,2.35%
2026,April,13,MS-26-04269,INJECTION AREA,SUC-CON-T-180,SUCTIONCONNTUBES/S180CM.,2810,10,0.36%,Acceptable 🟢,1,Below usual 🔻,0.68%
2026,April,13,MS-26-04270,INJECTION AREA,HD-BOT-300,HD PLASTIC BOTTLE 300 ML WHITE,1778,18,1.01%,Acceptable 🟢,1,Below usual 🔻,1.73%
2026,April,13,MS-26-04271,INJECTION AREA,BBT-7MM-5MTR,BABBLESTUBEID=7MMTL=5MT,915,15,1.64%,Acceptable 🟢,1,Below usual 🔻,2.35%
2026,April,13,MS-26-04272,INJECTION AREA,EP-UNIV,ENDPLUG-2,44359,65,0.15%,Acceptable 🟢,1,Above usual 🔺,0.08%
2026,April,13,MS-26-04273,INJECTION AREA,3WAY-KNOB-4,KNOB FOR 3WAY STOPCOCK-4,25597,33,0.13%,Acceptable 🟢,1,Above usual 🔺,0.09%
2026,April,13,MS-26-04274,INJECTION AREA,MALE-CON-LL-2,MALE CONNECTOR LUER LOCK NEW,24045,105,0.44%,Acceptable 🟢,1,Above usual 🔺,0.33%
2026,April,13,MS-26-04275,INJECTION AREA,BB-HOLDER,HOLDERFORBCBAG,2371,20,0.84%,Acceptable 🟢,1,Above usual 🔺,0.48%
2026,April,13,MS-26-04276,INJECTION AREA,PET-CAP-50,PET CAP FOR 50ML BOTTLE,2604026,35,0.00%,Acceptable 🟢,1,Below usual 🔻,0.66%
2026,April,13,MS-26-04277,INJECTION AREA,BC-H-CAP,BC BAG HOLDER CAP,20017,17,0.08%,Acceptable 🟢,1,Below usual 🔻,0.36%
2026,April,13,MS-26-04278,INJECTION AREA,SUC-CON-T-180,SUCTIONCONNTUBES/S180CM.,3911,11,0.28%,Acceptable 🟢,1,Below usual 🔻,0.68%
2026,April,13,MS-26-04279,INJECTION AREA,PVC-73ME-M,PVCMXMED73MEM(MAIS),1380,20,1.45%,Acceptable 🟢,1,Above usual 🔺,0.93%
2026,April,9,MS-26-04280, ASSEMBLY AREA,G-189-XR25,INJECTOR DUAL SYRINGE 2x200 ML AND COILED LOW PRESSURE CONNECTOR,1500,14,0.93%,Acceptable 🟢,1,Below usual 🔻,1.03%
2026,April,12,MS-26-04281, ASSEMBLY AREA,G-189-XR25,INJECTOR DUAL SYRINGE 2x200 ML AND COILED LOW PRESSURE CONNECTOR,1000,4,0.40%,Acceptable 🟢,1,Below usual 🔻,1.03%
2026,April,12,MS-26-04282, ASSEMBLY AREA,G-566-002,"THERMOVENTHMEFILTERFORTRACHEOSTOMY-PEDIATRIC,ADULT-STERILE",7378,34,0.23%,Acceptable 🟢,2,Below usual 🔻,0.50%
2026,April,12,MS-26-04283, ASSEMBLY AREA,G-162-1180,YANKUR SUCTION SET 180CM,6153,27,0.44%,Acceptable 🟢,1,Below usual 🔻,0.54%
2026,April,13,MS-26-04284,MANUAL ASS:,G-304-0650B,SODIUM BICARBONATE FOR FRESENIUS 5008 HAEMODIALYSIS SYSTEM SZ: 650 GRAM,,24.05,,No data,9,No data,1.05%
2026,April,13,MS-26-04285,K-sonic#9,G-301-0650,SODIUM BICARBONATE GAMBRO 650 GRAM,,22.95,,No data,8,No data,1.97%
2026,April,13,MS-26-04286,SUPERMASTER#23,IV-HS-YL,CATHETERHUBG24W/OP,,0.03,,No data,1,No data,0.23%
2026,April,13,MS-26-04287,SUPERMASTER#25,3WAY-KNOB-4,KNOB FOR 3WAY STOPCOCK-4,,0.01,,No data,1,No data,0.09%
2026,April,13,MS-26-04288,ARBURG#12,IV-NP24-K-1,NEEDLEHOLDERW/PG24W/OSMMPNEEDLEHOLDERW/PG24KAHL,,0.04,,No data,1,No data,0.10%
2026,April,14,MS-26-04289,Huarong#32,3WAY-HOU-4,3WAYHOUSING4,,0.02,,No data,1,No data,0.34%
2026,April,14,MS-26-04290,HUARONG#33,3WAY-HOU-5,3WAY HOUSING-5,,0.02,,No data,1,No data,0.36%
2026,April,14,MS-26-04291,ARBURG#12,IV-NP-24-K1,NEEDLEHOLDERG24W/P,,0.03,,No data,1,No data,
2026,April,14,MS-26-04292,SUPER MASTER#23,IV-HS-YL,CATHETERHUBG24W/OP,,0.05,,No data,1,No data,0.23%
2026,April,14,MS-26-04293,Super Master#25,3WAY-KNOB-4,KNOB FOR 3WAY STOPCOCK-4,,0.01,,No data,1,No data,0.09%
2026,April,8,MS-26-04294, ASSEMBLY AREA,G-401-0010,3WAYSTOPCOCKWITH10CMTUBE-STERILE,16440,450,0.91%,Acceptable 🟢,3,Above usual 🔺,0.40%
2026,April,11,MS-26-04295, ASSEMBLY AREA,G-304-0650B,SODIUM BICARBONATE FOR FRESENIUS 5008 HAEMODIALYSIS SYSTEM SZ: 650 GRAM,3264,60.93,0.37%,Acceptable 🟢,5,Below usual 🔻,1.05%
2026,April,10,MS-26-04296, ASSEMBLY AREA,G-304-0650B,SODIUM BICARBONATE FOR FRESENIUS 5008 HAEMODIALYSIS SYSTEM SZ: 650 GRAM,3132,58.4,0.37%,Acceptable 🟢,5,Below usual 🔻,1.05%
2026,April,9,MS-26-04297, ASSEMBLY AREA,G-304-0650B,SODIUM BICARBONATE FOR FRESENIUS 5008 HAEMODIALYSIS SYSTEM SZ: 650 GRAM,3264,48.34,0.37%,Acceptable 🟢,4,Below usual 🔻,1.05%
2026,April,8,MS-26-04298, ASSEMBLY AREA,G-304-0650B,SODIUM BICARBONATE FOR FRESENIUS 5008 HAEMODIALYSIS SYSTEM SZ: 650 GRAM,3264,59.4,0.46%,Acceptable 🟢,4,Below usual 🔻,1.05%
2026,April,12,MS-26-04299, ASSEMBLY AREA,G-304-0650B,SODIUM BICARBONATE FOR FRESENIUS 5008 HAEMODIALYSIS SYSTEM SZ: 650 GRAM,3264,60.12,0.46%,Acceptable 🟢,4,Below usual 🔻,1.05%
2026,April,12,MS-26-04300, ASSEMBLY AREA,G-401-0010,3WAYSTOPCOCKWITH10CMTUBE-STERILE,26900,1351,0.84%,Acceptable 🟢,6,Above usual 🔺,0.40%
2026,April,11,MS-26-04301, ASSEMBLY AREA,G-401-0010,3WAYSTOPCOCKWITH10CMTUBE-STERILE,34870,687,0.33%,Acceptable 🟢,6,Below usual 🔻,0.40%
2026,April,9,MS-26-04302, ASSEMBLY AREA,G-401-0010,3WAYSTOPCOCKWITH10CMTUBE-STERILE,30450,782,0.43%,Acceptable 🟢,6,Above usual 🔺,0.40%
2026,April,14,MS-26-04303,INJECTION AREA,BC-H-CAP,BC BAG HOLDER CAP,8490,90,1.06%,Acceptable 🟢,1,Above usual 🔺,0.36%
2026,April,14,MS-26-04304,INJECTION AREA,IV-BS-2,BLOODSTOPPER-2,46005,5,0.01%,Acceptable 🟢,1,Below usual 🔻,0.06%
2026,April,9,MS-26-04305, ASSEMBLY AREA,G-711-34401,PURITY SURGICAL FACE MASKS WITH TIE KNOT,2300,1.4300000000000002,0.01%,Acceptable 🟢,5,Below usual 🔻,0.33%
2026,April,14,MS-26-04306,INJECTION AREA,F-S-HOLDER,FACESHEILDHOLDER,4126,15,0.36%,Acceptable 🟢,1,Below usual 🔻,0.48%
2026,April,14,MS-26-04307,INJECTION AREA,UM-CAP,URINALMALECOVERCAP,1631,4,0.25%,Acceptable 🟢,1,Below usual 🔻,0.49%
2026,April,12,MS-26-04308, ASSEMBLY AREA,G-711-34401,PURITY SURGICAL FACE MASKS WITH TIE KNOT,4400,0.9199999999999999,0.00%,Acceptable 🟢,5,Below usual 🔻,0.33%
2026,April,14,MS-26-04309,INJECTION AREA,IV-B24,BUSHINGPARTG24,90090,90,0.10%,Acceptable 🟢,1,Below usual 🔻,0.11%
2026,April,10,MS-26-04310, ASSEMBLY AREA,G-711-34401,PURITY SURGICAL FACE MASKS WITH TIE KNOT,3800,0.52,0.00%,Acceptable 🟢,5,Below usual 🔻,0.33%
2026,April,14,MS-26-04311,INJECTION AREA,IV-NP24-K-1,NEEDLEHOLDERW/PG24W/OSMMPNEEDLEHOLDERW/PG24KAHL,34773,23,0.07%,Acceptable 🟢,1,Below usual 🔻,0.10%
2026,April,14,MS-26-04312,INJECTION AREA,YAN-CON-UV,YANKAUERCONNECTORUNIVERSAL,17063,30,0.18%,Acceptable 🟢,1,Below usual 🔻,0.23%
2026,April,14,MS-26-04313,INJECTION AREA,IV-HS-YL,CATHETERHUBG24W/OP,23668,10,0.04%,Acceptable 🟢,1,Below usual 🔻,0.23%
2026,April,14,MS-26-04314,INJECTION AREA,3WAY-KNOB-4,KNOB FOR 3WAY STOPCOCK-4,25891,9,0.03%,Acceptable 🟢,1,Below usual 🔻,0.09%
2026,April,14,MS-26-04315,INJECTION AREA,3WAY-HOU-4,3WAYHOUSING4,11229,63,0.56%,Acceptable 🟢,1,Above usual 🔺,0.34%
2026,April,14,MS-26-04316,INJECTION AREA,YAN-H-CTV,YANKAUERHANDLECTV,703,5,0.71%,Acceptable 🟢,1,Above usual 🔺,0.65%
2026,April,14,MS-26-04317,INJECTION AREA,YAN-H-CTV,YANKAUERHANDLECTV,3445,10,0.29%,Acceptable 🟢,1,Below usual 🔻,0.65%
2026,April,14,MS-26-04318,INJECTION AREA,BB-HOLDER,HOLDERFORBCBAG,3820,8,0.21%,Acceptable 🟢,1,Below usual 🔻,0.48%
2026,April,14,MS-26-04319,INJECTION AREA,PET-50ML,PET PLASTIC BOTTLE 50 ML,39720,120,0.30%,Acceptable 🟢,1,Below usual 🔻,2.64%
2026,April,14,MS-26-04320,INJECTION AREA,EP-UNIV,ENDPLUG-2,46013,25,0.05%,Acceptable 🟢,1,Below usual 🔻,0.08%
2026,April,14,MS-26-04321,INJECTION AREA,PET-CAP-50,PET CAP FOR 50ML BOTTLE,15246,26,0.17%,Acceptable 🟢,1,Below usual 🔻,0.66%
2026,April,14,MS-26-04322,INJECTION AREA,3WAY-M-CAP,3WAYMALECAP,61201,90,0.15%,Acceptable 🟢,1,Below usual 🔻,0.16%
2026,April,14,MS-26-04323,INJECTION AREA,MALE-CON-LL-2,MALE CONNECTOR LUER LOCK NEW,30060,48,0.16%,Acceptable 🟢,1,Below usual 🔻,0.33%
2026,April,14,MS-26-04324,INJECTION AREA,SUC-CON-T-270,SUCTIONCONNTUBES/S270MINI,2410,10,0.41%,Acceptable 🟢,1,Below usual 🔻,0.47%
2026,April,14,MS-26-04325,INJECTION AREA,SUC-CON-T-180,SUCTIONCONNTUBES/S180CM.,3705,5,0.13%,Acceptable 🟢,1,Below usual 🔻,0.68%
2026,April,14,MS-26-04326,INJECTION AREA,SUC-CON-T-180,SUCTIONCONNTUBES/S180CM.,2710,10,0.37%,Acceptable 🟢,1,Below usual 🔻,0.68%
2026,April,14,MS-26-04327,INJECTION AREA,EXT-DT-456812M,Drain Line Extension Tubing L-12 Meter ID: 4.5mm OD: 6.8mm,448,3,0.67%,Acceptable 🟢,1,Below usual 🔻,1.50%
2026,April,14,MS-26-04328,INJECTION AREA,BOT-GEL-1000,GEL BOTTLE  1000 ML W/O NECK,55,5,9.09%,High reject 🔴,1,Above usual 🔺,1.56%
2026,April,14,MS-26-04329,INJECTION AREA,EXT-DT-456812M,Drain Line Extension Tubing L-12 Meter ID: 4.5mm OD: 6.8mm,376,16,4.26%,Acceptable 🟢,1,Above usual 🔺,1.50%
2026,April,14,MS-26-04330,INJECTION AREA,PVC-701BL-M,PVC COMPOUND 701BL-M,765,15,1.96%,Acceptable 🟢,1,Above usual 🔺,1.75%
2026,April,14,MS-26-04331,INJECTION AREA,PVC-73ME-M,PVCMXMED73MEM(MAIS),3425,25,0.73%,Acceptable 🟢,1,Below usual 🔻,0.93%
2026,April,12,MS-26-04333,ASSEMBLE AREA,G-456-220P,"LUMBER PUNCTURE TRAY, W/O MANOMETER, SIZE- PEDIATRIC",108,1,0.93%,Acceptable 🟢,1,At usual ✅,0.93%
2026,April,13,MS-26-04334,ASSEMBLE AREA,G-162-1180,YANKUR SUCTION SET 180CM,9213,40,0.43%,Acceptable 🟢,1,Below usual 🔻,0.54%
2026,April,12,MS-26-04335,ASSEMBLE AREA,G-070-1432,IVCANNULAWITHOUTPORT24GX13MM SHORT,15950,3259,1.86%,Acceptable 🟢,8,Above usual 🔺,1.44%
2026,April,12,MS-26-04336,ASSEMBLE AREA,G-072-2619,IV CANNULA G26X19MM,7500,2307,2.80%,Acceptable 🟢,7,Above usual 🔺,2.04%
2026,April,8,MS-26-04337,ASSEMBLE AREA,G-304-0650B,SODIUM BICARBONATE FOR FRESENIUS 5008 HAEMODIALYSIS SYSTEM SZ: 650 GRAM,1030,47,1.14%,Acceptable 🟢,4,Above usual 🔺,1.05%
2026,April,12,MS-26-04338,PACKAGING AREA,G-421-1000,INFUSIONSETWITHYINJECTIONSITE20DROPE-VENTED W/-NEEDLET/L=210 CM,100,1.54,0.77%,Acceptable 🟢,2,At usual ✅,0.77%
2026,April,12,MS-26-04339,PACKAGING AREA,G-690-1640,"ENDOTRACHEALTUBEORALPREFORMEDUN-CUFFEDFR16ID4.0MM,OD5.5MM",250,1,0.20%,Acceptable 🟢,2,At usual ✅,0.20%
2026,April,12,MS-26-04340,PACKAGING AREA,G-162-1180,YANKUR SUCTION SET 180CM,7000,14.4,0.10%,Acceptable 🟢,2,Below usual 🔻,0.54%
2026,April,12,MS-26-04341,PACKAGING AREA,G-162-1180,YANKUR SUCTION SET 180CM,4500,2,0.02%,Acceptable 🟢,2,Below usual 🔻,0.54%
2026,April,14,MS-26-04342,INJECTION AREA,BC-H-CAP,BC BAG HOLDER CAP,12543,10,0.08%,Acceptable 🟢,1,Below usual 🔻,0.36%
2026,April,14,MS-26-04343,INJECTION AREA,IV-BS-2,BLOODSTOPPER-2,48820,20,0.04%,Acceptable 🟢,1,Below usual 🔻,0.06%
2026,April,14,MS-26-04344,INJECTION AREA,F-S-HOLDER,FACESHEILDHOLDER,3758,15,0.40%,Acceptable 🟢,1,Below usual 🔻,0.48%
2026,April,14,MS-26-04345,INJECTION AREA,UM-CAP,URINALMALECOVERCAP,2711,9,0.33%,Acceptable 🟢,1,Below usual 🔻,0.49%
2026,April,14,MS-26-04346,INJECTION AREA,IV-B24,BUSHINGPARTG24,105110,110,0.10%,Acceptable 🟢,1,Below usual 🔻,0.11%
2026,April,14,MS-26-04347,INJECTION AREA,YAN-H-CTV,YANKAUERHANDLECTV,5941,11,0.19%,Acceptable 🟢,1,Below usual 🔻,0.65%
2026,April,14,MS-26-04348,INJECTION AREA,IV-NP24-K-1,NEEDLEHOLDERW/PG24W/OSMMPNEEDLEHOLDERW/PG24KAHL,35023,23,0.07%,Acceptable 🟢,1,Below usual 🔻,0.10%
2026,April,14,MS-26-04349,INJECTION AREA,YAN-CON-UV,YANKAUERCONNECTORUNIVERSAL,16988,26,0.15%,Acceptable 🟢,1,Below usual 🔻,0.23%
2026,April,14,MS-26-04350,INJECTION AREA,IV-HS-YL,CATHETERHUBG24W/OP,24891,14,0.06%,Acceptable 🟢,1,Below usual 🔻,0.23%
2026,April,14,MS-26-04351,INJECTION AREA,3WAY-KNOB-4,KNOB FOR 3WAY STOPCOCK-4,26326,11,0.04%,Acceptable 🟢,1,Below usual 🔻,0.09%
2026,April,14,MS-26-04352,INJECTION AREA,3WAY-HOU-4,3WAYHOUSING4,14605,22,0.15%,Acceptable 🟢,1,Below usual 🔻,0.34%
2026,April,14,MS-26-04353,INJECTION AREA,PET-50ML,PET PLASTIC BOTTLE 50 ML,13260,60,0.45%,Acceptable 🟢,1,Below usual 🔻,2.64%
2026,April,13,MS-26-04354,PACKAGING AREA,G-371-1250,MUCOUSEXTRACTORWITHNRVSIZECH12-FUNNELCONTROLSTERILE,700,1.54,0.11%,Acceptable 🟢,2,At usual ✅,0.11%
2026,April,14,MS-26-04355,INJECTION AREA,EP-UNIV,ENDPLUG-2,46000,12,0.03%,Acceptable 🟢,1,Below usual 🔻,0.08%
2026,April,14,MS-26-04356,INJECTION AREA,3WAY-M-CAP,3WAYMALECAP,63893,60,0.09%,Acceptable 🟢,1,Below usual 🔻,0.16%
2026,April,14,MS-26-04357,INJECTION AREA,3WAY-HOU-5,3WAY HOUSING-5,14612,29,0.20%,Acceptable 🟢,1,Below usual 🔻,0.36%
2026,April,14,MS-26-04358,INJECTION AREA,BB-HOLDER,HOLDERFORBCBAG,3591,5,0.14%,Acceptable 🟢,1,Below usual 🔻,0.48%
2026,April,14,MS-26-04359,INJECTION AREA,MALE-CON-LL-2,MALE CONNECTOR LUER LOCK NEW,30252,35,0.12%,Acceptable 🟢,1,Below usual 🔻,0.33%
2026,April,14,MS-26-04360,INJECTION AREA,UM-1000ML,URINALMALEBOTTLE1000ML,1787,27,1.51%,Acceptable 🟢,1,Above usual 🔺,0.43%
2026,April,14,MS-26-04361,INJECTION AREA,PET-CAP-50,PET CAP FOR 50ML BOTTLE,15307,25,0.16%,Acceptable 🟢,1,Below usual 🔻,0.66%
2026,April,14,MS-26-04362,INJECTION AREA,EXT-DT-456812M,Drain Line Extension Tubing L-12 Meter ID: 4.5mm OD: 6.8mm,41,1,2.44%,Acceptable 🟢,1,Above usual 🔺,1.50%
2026,April,14,MS-26-04363,INJECTION AREA,3WAY-T-10CM,3WAYSTOPCOCKT.2.7X4.15X100,75150,150,0.20%,Acceptable 🟢,1,Below usual 🔻,0.44%
2026,April,14,MS-26-04364,INJECTION AREA,EXT-DT-456812M,Drain Line Extension Tubing L-12 Meter ID: 4.5mm OD: 6.8mm,473,3,0.63%,Acceptable 🟢,1,Below usual 🔻,1.50%
2026,April,14,MS-26-04365,INJECTION AREA,SUC-CON-T-180,SUCTIONCONNTUBES/S180CM.,4012,12,0.30%,Acceptable 🟢,1,Below usual 🔻,0.68%
2026,April,14,MS-26-04366,INJECTION AREA,SUC-CON-T-180,SUCTIONCONNTUBES/S180CM.,4007,7,0.17%,Acceptable 🟢,1,Below usual 🔻,0.68%
2026,April,13,MS-26-04367,PAKAGING AREA,G-041-200AP,BLOOD LINES FOR HAEMODIALYSIS GAMBRO AK-200-AP,1020,12.4,0.61%,Acceptable 🟢,2,Below usual 🔻,0.75%
2026,April,14,MS-26-04368,Huarong#32,3WAY-HOU-4,3WAYHOUSING4,,0.02,,No data,1,No data,0.34%
2026,April,14,MS-26-04369,HUARONG#33,3WAY-HOU-5,3WAY HOUSING-5,,0.02,,No data,1,No data,0.36%
2026,April,14,MS-26-04370,HUARONG#31,EP-UNIV,ENDPLUG-2,,0.04,,No data,3,No data,0.08%
2026,April,14,MS-26-04371,PANTAGON 3WAY ASS: M/C,BU-401-0010,3 WAY STOPCOCK WITH 10 CM TUBE -STERILE,,32,,No data,6,No data,0.25%
2026,April,14,MS-26-04372,PANTAGON 3WAY ASS: M/C,BU-401-0010,3 WAY STOPCOCK WITH 10 CM TUBE -STERILE,,32,,No data,6,No data,0.25%
2026,April,14,MS-26-04373,INJECTION AREA,BBT-7MM-5MTR,BABBLESTUBEID=7MMTL=5MT,767,7,0.91%,Acceptable 🟢,1,Below usual 🔻,2.35%
2026,April,14,MS-26-04374,SUPERMASTER#23,IV-HS-YL,CATHETERHUBG24W/OP,,0.03,,No data,1,No data,0.23%
2026,April,14,MS-26-04375,SUPERMASTER#25,3WAY-KNOB-4,KNOB FOR 3WAY STOPCOCK-4,,0.01,,No data,1,No data,0.09%
2026,April,14,MS-26-04376,ARBURG#12,IV-NP24-K-1,NEEDLEHOLDERW/PG24W/OSMMPNEEDLEHOLDERW/PG24KAHL,,0.04,,No data,1,No data,0.10%
2026,April,15,MS-26-04377,Huarong#32,3WAY-HOU-4,3WAYHOUSING4,,0.02,,No data,1,No data,0.34%
2026,April,15,MS-26-04378,HUARONG#33,3WAY-HOU-5,3WAY HOUSING-5,,0.02,,No data,1,No data,0.36%
2026,April,15,MS-26-04379,ARBURG#12,IV-NP24-K-1,NEEDLEHOLDERW/PG24W/OSMMPNEEDLEHOLDERW/PG24KAHL,,0.03,,No data,1,No data,0.10%
2026,April,15,MS-26-04380,SUPER MASTER #23,IV-HS-YL,CATHETERHUBG24W/OP,,0.05,,No data,1,No data,0.23%
2026,April,15,MS-26-04381,SUPER MASTER #25,3WAY-KNOB-4,KNOB FOR 3WAY STOPCOCK-4,,0.01,,No data,1,No data,0.09%
2026,April,13,MS-26-04382, ASSEMBLY AREA,G-070-1432,IVCANNULAWITHOUTPORT24GX13MM SHORT,12000,4,0.02%,Acceptable 🟢,2,Below usual 🔻,1.44%
2026,April,12,MS-26-04383, ASSEMBLY AREA,G-070-1432,IVCANNULAWITHOUTPORT24GX13MM SHORT,14900,4283,2.05%,Acceptable 🟢,8,Above usual 🔺,1.44%
2026,April,13,MS-26-04384,ASSEMBLY AREA,G-072-2619,IV CANNULA G26X19MM,8000,2526,2.26%,Acceptable 🟢,8,Above usual 🔺,2.04%
2026,April,11,MS-26-04385,ASSEMBLY AREA,G-072-2619,IV CANNULA G26X19MM,7500,2837,2.70%,Acceptable 🟢,8,Above usual 🔺,2.04%
2026,April,15,MS-26-04387,INJECTION AREA,PVC-73ME-M,PVCMXMED73MEM(MAIS),2060,20,0.97%,Acceptable 🟢,1,Above usual 🔺,0.93%
2026,April,15,MS-26-04388,INJECTION AREA,APC-3-CAP-1,Cap Top Housing for Applicator (D:1.5 cm),1915,15,0.78%,Acceptable 🟢,1,Above usual 🔺,0.55%
2026,April,15,MS-26-04389,INJECTION AREA,APC-3-COV-1,Cap Bottom Cover for Applicator (D:2.7cm),6000,12,0.20%,Acceptable 🟢,1,Below usual 🔻,0.59%
2026,April,15,MS-26-04390,INJECTION AREA,APC-3-HOU-1,Housing for Applicator (D:1.5 cm),40050,50,0.12%,Acceptable 🟢,1,Below usual 🔻,0.57%
2026,April,15,MS-26-04391,INJECTION AREA,APC-3-NOZ-1,Nozzle for applicator,6344,20,0.32%,Acceptable 🟢,1,Below usual 🔻,0.50%
2026,April,15,MS-26-04392,INJECTION AREA,APC-3-PTC-1,Protector for Applicator (D:3.5 cm),1411,11,0.78%,Acceptable 🟢,1,Above usual 🔺,0.49%
2026,April,15,MS-26-04393,INJECTION AREA,BBC-T-29CM,TUBEFORBCBAGHOLDERL-29CM,17610,110,0.62%,Acceptable 🟢,1,Above usual 🔺,0.19%
2026,April,15,MS-26-04394,INJECTION AREA,SUC-CON-T-180,SUCTIONCONNTUBES/S180CM.,4011,11,0.27%,Acceptable 🟢,1,Below usual 🔻,0.68%
2026,April,15,MS-26-04395,INJECTION AREA,EXT-DT-456812M,Drain Line Extension Tubing L-12 Meter ID: 4.5mm OD: 6.8mm,465,5,1.08%,Acceptable 🟢,1,Below usual 🔻,1.50%
2026,April,15,MS-26-04396,INJECTION AREA,SUC-CON-T-180,SUCTIONCONNTUBES/S180CM.,4008,8,0.20%,Acceptable 🟢,1,Below usual 🔻,0.68%
2026,April,15,MS-26-04397,INJECTION AREA,3WAY-T-10CM,3WAYSTOPCOCKT.2.7X4.15X100,60150,150,0.25%,Acceptable 🟢,1,Below usual 🔻,0.44%
2026,April,15,MS-26-04398,INJECTION AREA,UM-1000ML,URINALMALEBOTTLE1000ML,1999,14,0.70%,Acceptable 🟢,1,Above usual 🔺,0.43%
2026,April,15,MS-26-04399,INJECTION AREA,PET-CAP-50,PET CAP FOR 50ML BOTTLE,17326,18,0.10%,Acceptable 🟢,1,Below usual 🔻,0.66%
2026,April,15,MS-26-04400,INJECTION AREA,BB-HOLDER,HOLDERFORBCBAG,3557,14,0.39%,Acceptable 🟢,1,Below usual 🔻,0.48%
2026,April,15,MS-26-04401,INJECTION AREA,YAN-H-CTV,YANKAUERHANDLECTV,3595,15,0.42%,Acceptable 🟢,1,Below usual 🔻,0.65%
2026,April,15,MS-26-04402,INJECTION AREA,YAN-H-CTV,YANKAUERHANDLECTV,3915,6,0.15%,Acceptable 🟢,1,Below usual 🔻,0.65%
2026,April,15,MS-26-04403,INJECTION AREA,3WAY-KNOB-4,KNOB FOR 3WAY STOPCOCK-4,25756,15,0.06%,Acceptable 🟢,1,Below usual 🔻,0.09%
2026,April,15,MS-26-04404,INJECTION AREA,3WAY-M-CAP,3WAYMALECAP,62277,55,0.09%,Acceptable 🟢,1,Below usual 🔻,0.16%
2026,April,15,MS-26-04405,INJECTION AREA,MALE-CON-LL-2,MALE CONNECTOR LUER LOCK NEW,29857,75,0.25%,Acceptable 🟢,1,Below usual 🔻,0.33%
2026,April,15,MS-26-04406,INJECTION AREA,BC-H-CAP,BC BAG HOLDER CAP,12824,25,0.19%,Acceptable 🟢,1,Below usual 🔻,0.36%
2026,April,15,MS-26-04407,INJECTION AREA,IV-HS-YL,CATHETERHUBG24W/OP,23699,41,0.17%,Acceptable 🟢,1,Below usual 🔻,0.23%
2026,April,15,MS-26-04408,INJECTION AREA,YAN-CON-UV,YANKAUERCONNECTORUNIVERSAL,16998,35,0.21%,Acceptable 🟢,1,Below usual 🔻,0.23%
2026,April,15,MS-26-04409,INJECTION AREA,IV-BS-2,BLOODSTOPPER-2,48855,55,0.11%,Acceptable 🟢,1,Above usual 🔺,0.06%
2026,April,15,MS-26-04410,INJECTION AREA,UM-CAP,URINALMALECOVERCAP,2882,10,0.35%,Acceptable 🟢,1,Below usual 🔻,0.49%
2026,April,15,MS-26-04411,INJECTION AREA,IV-NP24-K-1,NEEDLEHOLDERW/PG24W/OSMMPNEEDLEHOLDERW/PG24KAHL,35023,23,0.07%,Acceptable 🟢,1,Below usual 🔻,0.10%
2026,April,15,MS-26-04412,INJECTION AREA,IV-B24,BUSHINGPARTG24,110075,75,0.07%,Acceptable 🟢,1,Below usual 🔻,0.11%
2026,April,15,MS-26-04413,INJECTION AREA,3WAY-HOU-4,3WAYHOUSING4,11850,100,0.84%,Acceptable 🟢,1,Above usual 🔺,0.34%
2026,April,15,MS-26-04414,INJECTION AREA,3WAY-HOU-5,3WAY HOUSING-5,4104,21,0.51%,Acceptable 🟢,1,Above usual 🔺,0.36%
2026,April,15,MS-26-04415,INJECTION AREA,EP-UNIV,ENDPLUG-2,45727,33,0.07%,Acceptable 🟢,1,Below usual 🔻,0.08%
2026,April,15,MS-26-04416,INJECTION AREA,F-S-HOLDER,FACESHEILDHOLDER,1866,4,0.21%,Acceptable 🟢,1,Below usual 🔻,0.48%
2026,April,15,MS-26-04417,INJECTION AREA,F-S-HOLDER,FACESHEILDHOLDER,928,1,0.11%,Acceptable 🟢,1,Below usual 🔻,0.48%
2026,April,15,MS-26-04423,SUPERMASTER#23,IV-HS-YL,CATHETERHUBG24W/OP,,0.03,,No data,1,No data,0.23%
2026,April,15,MS-26-04424,SUPERMASTER#12,IV-NP24-K-1,NEEDLEHOLDERW/PG24W/OSMMPNEEDLEHOLDERW/PG24KAHL,,0.04,,No data,1,No data,0.10%
2026,April,15,MS-26-04425,PARKER#01,BOT-GEL-1000,GEL BOTTLE  1000 ML W/O NECK,,0.13,,No data,1,No data,1.56%
2026,April,15,MS-26-04426,SUPERMASTER#25,3WAY-KNOB-4,KNOB FOR 3WAY STOPCOCK-4,,0.01,,No data,1,No data,0.09%
2026,April,16,MS-26-04427,Huarong#32,3WAY-HOU-4,3WAYHOUSING4,,0.02,,No data,1,No data,0.34%
2026,April,16,MS-26-04428,HUARONG#33,3WAY-HOU-5,3WAY HOUSING-5,,0.02,,No data,1,No data,0.36%
2026,April,16,MS-26-04429,PAK FORM-2,G-093-2500,LARYENGEL AIRWAY SIZE 2.5,,1.2000000000000002,,No data,3,No data,
2026,April,14,MS-26-04430,PACKAGING AREA,G-602-2202,CATHETERMOUNTEXTENDIBLEWITHSWIVELCONNECTOR&CAP,1900,1.56,0.04%,Acceptable 🟢,2,Below usual 🔻,0.62%
2026,April,14,MS-26-04431,PACKAGING AREA,G-180-10ML,SINGLE USE SYRINGE 10ML,4800,4,0.04%,Acceptable 🟢,2,Below usual 🔻,0.16%
2026,April,14,MS-26-04432,PACKAGING AREA,G-401-0010,3WAYSTOPCOCKWITH10CMTUBE-STERILE,18000,9,0.03%,Acceptable 🟢,2,Below usual 🔻,0.40%
2026,April,16,MS-26-04433,INJECTION AREA,PVC-64CZBM,PVCXMED64CZBM(MAIS),1960,10,0.51%,Acceptable 🟢,1,Below usual 🔻,0.68%
2026,April,16,MS-26-04434,NEW KAHLE,BU-070-1432,IV CANNULA WITHOUT PORT 14G NEEDLE LENGTH-32MM,,56.83,,No data,5,No data,
2026,April,16,MS-26-04435,OLD KAHLE,BU-072-2619,IV CANNULA SMALL WING WITHOUT PORT 26G NEEDLE LENGTH-19MM -,,28.43,,No data,5,No data,
2026,April,16,MS-26-04436,NELI PACK,G-625-0730,CVC T/L FR-07 X 30CM,,1,,No data,1,No data,3.62%
2026,April,16,MS-26-04437,NELI PACK,G-625-0730,CVC T/L FR-07 X 30CM,,0.66,,No data,1,No data,3.62%
2026,April,16,MS-26-04439,INJECTION AREA,BB-HOLDER,HOLDERFORBCBAG,3421,4,0.12%,Acceptable 🟢,1,Below usual 🔻,0.48%
2026,April,16,MS-26-04440,INJECTION AREA,PET-CAP-50,PET CAP FOR 50ML BOTTLE,1615,25,1.55%,Acceptable 🟢,1,Above usual 🔺,0.66%
2026,April,16,MS-26-04441,INJECTION AREA,ZIP-L-PB-28,SELF SEALING PLASTIC BAG W/O PRINTING SIZE:28CM,276,11,3.99%,Acceptable 🟢,1,Above usual 🔺,1.23%
2026,April,16,MS-26-04442,INJECTION AREA,BOT-GEL-1000,GEL BOTTLE  1000 ML W/O NECK,605,5,0.83%,Acceptable 🟢,1,Below usual 🔻,1.56%
2026,April,16,MS-26-04443,INJECTION AREA,SUC-CON-T-180,SUCTIONCONNTUBES/S180CM.,4015,15,0.37%,Acceptable 🟢,1,Below usual 🔻,0.68%
2026,April,16,MS-26-04444,INJECTION AREA,BBC-T-29CM,TUBEFORBCBAGHOLDERL-29CM,20040,40,0.20%,Acceptable 🟢,1,Above usual 🔺,0.19%
2026,April,16,MS-26-04445,INJECTION AREA,SUC-CON-T-180,SUCTIONCONNTUBES/S180CM.,4015,15,0.37%,Acceptable 🟢,1,Below usual 🔻,0.68%
2026,April,16,MS-26-04446,INJECTION AREA,EXT-DT-456812M,Drain Line Extension Tubing L-12 Meter ID: 4.5mm OD: 6.8mm,476,6,1.26%,Acceptable 🟢,1,Below usual 🔻,1.50%
2026,April,16,MS-26-04447,INJECTION AREA,EXT-DT-456812M,Drain Line Extension Tubing L-12 Meter ID: 4.5mm OD: 6.8mm,255,5,1.96%,Acceptable 🟢,1,Above usual 🔺,1.50%
2026,April,16,MS-26-04448,INJECTION AREA,3WAY-T-10CM,3WAYSTOPCOCKT.2.7X4.15X100,7520,20,0.27%,Acceptable 🟢,1,Below usual 🔻,0.44%
2026,April,16,MS-26-04449,INJECTION AREA,BC-H-CAP,BC BAG HOLDER CAP,13091,25,0.19%,Acceptable 🟢,1,Below usual 🔻,0.36%
2026,April,16,MS-26-04450,INJECTION AREA,3WAY-M-CAP,3WAYMALECAP,63918,30,0.05%,Acceptable 🟢,1,Below usual 🔻,0.16%
2026,April,16,MS-26-04451,INJECTION AREA,IV-BS-2,BLOODSTOPPER-2,23215,15,0.06%,Acceptable 🟢,1,Above usual 🔺,0.06%
2026,April,16,MS-26-04452,INJECTION AREA,F-S-HOLDER,FACESHEILDHOLDER,2020,8,0.40%,Acceptable 🟢,1,Below usual 🔻,0.48%
2026,April,16,MS-26-04453,INJECTION AREA,UM-CAP,URINALMALECOVERCAP,1325,4,0.30%,Acceptable 🟢,1,Below usual 🔻,0.49%
2026,April,16,MS-26-04454,INJECTION AREA,IV-B24,BUSHINGPARTG24,20010,10,0.05%,Acceptable 🟢,1,Below usual 🔻,0.11%
2026,April,16,MS-26-04455,INJECTION AREA,IV-NP24-K-1,NEEDLEHOLDERW/PG24W/OSMMPNEEDLEHOLDERW/PG24KAHL,34270,20,0.06%,Acceptable 🟢,1,Below usual 🔻,0.10%
2026,April,15,MS-26-04456,ASSEMBLY AREA,G-711-2102,"Face Shield , without sponge Hard Frame type Nose Mouth & Eyes Covered",1615,19,1.18%,Acceptable 🟢,1,Below usual 🔻,5.97%
2026,April,16,MS-26-04457,INJECTION AREA,YAN-CON-UV,YANKAUERCONNECTORUNIVERSAL,16486,24,0.15%,Acceptable 🟢,1,Below usual 🔻,0.23%
2026,April,16,MS-26-04459,INJECTION AREA,MALE-CON-LL-2,MALE CONNECTOR LUER LOCK NEW,30759,35,0.11%,Acceptable 🟢,1,Below usual 🔻,0.33%
2026,April,16,MS-26-04460,INJECTION AREA,YAN-H-CTV,YANKAUERHANDLECTV,7475,20,0.27%,Acceptable 🟢,1,Below usual 🔻,0.65%
2026,April,16,MS-26-04461,INJECTION AREA,IV-HS-YL,CATHETERHUBG24W/OP,23668,10,0.04%,Acceptable 🟢,1,Below usual 🔻,0.23%
2026,April,16,MS-26-04462,INJECTION AREA,3WAY-KNOB-4,KNOB FOR 3WAY STOPCOCK-4,26193,17,0.06%,Acceptable 🟢,1,Below usual 🔻,0.09%
2026,April,16,MS-26-04463,INJECTION AREA,EP-UNIV,ENDPLUG-2,45720,35,0.08%,Acceptable 🟢,1,Above usual 🔺,0.08%
2026,April,16,MS-26-04464,INJECTION AREA,3WAY-HOU-4,3WAYHOUSING4,14029,30,0.21%,Acceptable 🟢,1,Below usual 🔻,0.34%
2026,April,16,MS-26-04465,INJECTION AREA,3WAY-HOU-5,3WAY HOUSING-5,14451,35,0.24%,Acceptable 🟢,1,Below usual 🔻,0.36%
2026,April,15,MS-26-04466,ASSEMBLY AREA,G-401-0010,3WAYSTOPCOCKWITH10CMTUBE-STERILE,17600,415,0.39%,Acceptable 🟢,6,Below usual 🔻,0.40%
2026,April,14,MS-26-04467,ASSEMBLY AREA,G-401-0010,3WAYSTOPCOCKWITH10CMTUBE-STERILE,12000,501,0.84%,Acceptable 🟢,5,Above usual 🔺,0.40%
2026,April,13,MS-26-04468,ASSEMBLY AREA,G-401-0010,3WAYSTOPCOCKWITH10CMTUBE-STERILE,4462,142,0.64%,Acceptable 🟢,5,Above usual 🔺,0.40%
2026,April,15,MS-26-04469,ASSEMBLY AREA,G-304-0650B,SODIUM BICARBONATE FOR FRESENIUS 5008 HAEMODIALYSIS SYSTEM SZ: 650 GRAM,3264,98.75999999999999,0.51%,Acceptable 🟢,6,Below usual 🔻,1.05%
2026,April,14,MS-26-04470,ASSEMBLY AREA,G-304-0650B,SODIUM BICARBONATE FOR FRESENIUS 5008 HAEMODIALYSIS SYSTEM SZ: 650 GRAM,3264,109.4,0.56%,Acceptable 🟢,6,Below usual 🔻,1.05%
2026,April,13,MS-26-04471,ASSEMBLY AREA,G-304-0650B,SODIUM BICARBONATE FOR FRESENIUS 5008 HAEMODIALYSIS SYSTEM SZ: 650 GRAM,2868,89.12,0.62%,Acceptable 🟢,5,Below usual 🔻,1.05%
2026,April,13,MS-26-04472,ASSEMBLY AREA,G-304-0650B,SODIUM BICARBONATE FOR FRESENIUS 5008 HAEMODIALYSIS SYSTEM SZ: 650 GRAM,396,20,1.26%,Acceptable 🟢,4,Above usual 🔺,1.05%
2026,April,16,MS-26-04473,SUPERMASTER#23,IV-HS-YL,CATHETERHUBG24W/OP,,0.03,,No data,1,No data,0.23%
2026,April,16,MS-26-04474,SUPERMASTER#25`,3WAY-KNOB-4,KNOB FOR 3WAY STOPCOCK-4,,0.01,,No data,1,No data,0.09%
2026,April,16,MS-26-04475,ARBURG#12,IV-NP24-K-1,NEEDLEHOLDERW/PG24W/OSMMPNEEDLEHOLDERW/PG24KAHL,,0.04,,No data,1,No data,0.10%
2026,April,18,MS-26-04476,NEW KAHLE,BU-070-1432,IV CANNULA WITHOUT PORT 14G NEEDLE LENGTH-32MM,,56.83,,No data,5,No data,
2026,April,18,MS-26-04477,OLD KAHLE,BU-072-2619,IV CANNULA SMALL WING WITHOUT PORT 26G NEEDLE LENGTH-19MM -,,28.43,,No data,5,No data,
2026,April,18,MS-26-04479,Huarong#32,3WAY-HOU-4,3WAYHOUSING4,,0.02,,No data,1,No data,0.34%
2026,April,18,MS-26-04480,HUARONG#33,3WAY-HOU-5,3WAY HOUSING-5,,0.02,,No data,1,No data,0.36%
2026,April,18,MS-26-04481,PANTAGON 3WAY ASS:M/C,BU-401-0010,3 WAY STOPCOCK WITH 10 CM TUBE -STERILE,,32,,No data,6,No data,0.25%
2026,April,18,MS-26-04482,SUPERMASTER#23,IV-HS-YL,CATHETERHUBG24W/OP,,0.03,,No data,1,No data,0.23%
2026,April,18,MS-26-04483,SUPERMASTER#25,3WAY-KNOB-4,KNOB FOR 3WAY STOPCOCK-4,,0.01,,No data,1,No data,0.09%
2026,April,18,MS-26-04484,ARBURG#12,IV-NP-24-K1,NEEDLEHOLDERG24W/P,,0.04,,No data,1,No data,
2026,April,18,MS-26-04485,PARKER#01,BOT-GEL-1000,GEL BOTTLE  1000 ML W/O NECK,,0.07,,No data,1,No data,1.56%
2026,April,18,MS-26-04486,Huarong#32,3WAY-HOU-4,3WAYHOUSING4,,0.02,,No data,1,No data,0.34%
2026,April,18,MS-26-04487,HUARONG#33,3WAY-HOU-5,3WAY HOUSING-5,,0.02,,No data,1,No data,0.36%
2026,April,19,MS-26-04488,Huarong#32,3WAY-HOU-4,3WAYHOUSING4,,0.02,,No data,1,No data,0.34%
2026,April,19,MS-26-04489,HUARNG#33,3WAY-HOU-5,3WAY HOUSING-5,,0.02,,No data,1,No data,0.36%
2026,April,19,MS-26-04490,PAK FORM-2,G-101-1400,RYLES TUBE SIZE 14,,1.2200000000000002,,No data,3,No data,0.02%
2026,April,19,MS-26-04491,Thera-650,G-120-1440,SUCTION CATH F/C CH14 L.40CM,,1.2000000000000002,,No data,3,No data,0.05%
2026,April,19,MS-26-04492,Multivac,G-604-3000,MEUCONIUMASPIRATOR,,1.04,,No data,3,No data,
2026,April,19,MS-26-04493,Multivac,G-056-0618,"PENROSE DRAINAGE TUBE SIZE: 1/4""X18 """,,1,,No data,3,No data,0.01%
2026,April,19,MS-26-04494,Zhongyi-3,G-500-2665,ENDOTRACHEALTUBE O/N UNCUFFED SIZE # 6.5MM,,1.2000000000000002,,No data,3,No data,0.40%
2026,April,19,MS-26-04495,Pak Form-1,G-093-5000,LARYENGEL AIRWAY SIZE 5.0,,1.3199999999999998,,No data,3,No data,0.77%
2026,April,19,MS-26-04496,ARBURG#12,IV-NP-24-K1,NEEDLEHOLDERG24W/P,,0.03,,No data,1,No data,
2026,April,19,MS-26-04497,SUPER MASTER #23,IV-HS-YL,CATHETERHUBG24W/OP,,0.05,,No data,1,No data,0.23%
2026,April,19,MS-26-04498,Super Master#25,3WAY-KNOB-4,KNOB FOR 3WAY STOPCOCK-4,,0.01,,No data,1,No data,0.09%
2026,April,19,MS-26-04499,ZHONGYI-4,G-131-1450,MALE NEALTON CATH CH:14-50CM,,1.1400000000000001,,No data,3,No data,5.23%
2026,April,18,MS-26-04500,ASSEMBLY AREA,G-072-2619,IV CANNULA G26X19MM,5200,1512,2.64%,Acceptable 🟢,8,Above usual 🔺,2.04%
2026,April,16,MS-26-04501,ASSEMBLY AREA,G-072-2619,IV CANNULA G26X19MM,8000,1932,2.42%,Acceptable 🟢,7,Above usual 🔺,2.04%
2026,April,18,MS-26-04502,ASSEMBLY AREA,G-070-1432,IVCANNULAWITHOUTPORT24GX13MM SHORT,16000,3112,1.77%,Acceptable 🟢,8,Above usual 🔺,1.44%
2026,April,16,MS-26-04503,ASSEMBLY AREA,G-070-1432,IVCANNULAWITHOUTPORT24GX13MM SHORT,16000,2968,1.69%,Acceptable 🟢,8,Above usual 🔺,1.44%
2026,April,19,MS-26-04509,INJECTION AREA,BB-HOLDER,HOLDERFORBCBAG,1599,4,0.25%,Acceptable 🟢,1,Below usual 🔻,0.48%
2026,April,19,MS-26-04510,INJECTION AREA,YAN-H-CTV,YANKAUERHANDLECTV,7550,28,0.37%,Acceptable 🟢,1,Below usual 🔻,0.65%
2026,April,19,MS-26-04511,INJECTION AREA,BC-H-CAP,BC BAG HOLDER CAP,12426,26,0.21%,Acceptable 🟢,1,Below usual 🔻,0.36%
2026,April,19,MS-26-04512,INJECTION AREA,3WAY-M-CAP,3WAYMALECAP,61726,60,0.10%,Acceptable 🟢,1,Below usual 🔻,0.16%
2026,April,19,MS-26-04513,INJECTION AREA,IV-BS-2,BLOODSTOPPER-2,42820,20,0.05%,Acceptable 🟢,1,Below usual 🔻,0.06%
2026,April,19,MS-26-04514,INJECTION AREA,F-S-HOLDER,FACESHEILDHOLDER,2922,8,0.27%,Acceptable 🟢,1,Below usual 🔻,0.48%
2026,April,19,MS-26-04515,INJECTION AREA,UM-CAP,URINALMALECOVERCAP,1432,2,0.14%,Acceptable 🟢,1,Below usual 🔻,0.49%
2026,April,19,MS-26-04516,INJECTION AREA,IV-NP24-K-1,NEEDLEHOLDERW/PG24W/OSMMPNEEDLEHOLDERW/PG24KAHL,34775,25,0.07%,Acceptable 🟢,1,Below usual 🔻,0.10%
2026,April,19,MS-26-04517,INJECTION AREA,YAN-CON-UV,YANKAUERCONNECTORUNIVERSAL,17090,20,0.12%,Acceptable 🟢,1,Below usual 🔻,0.23%
2026,April,19,MS-26-04518,INJECTION AREA,MALE-CON-LL-2,MALE CONNECTOR LUER LOCK NEW,29944,90,0.30%,Acceptable 🟢,1,Below usual 🔻,0.33%
2026,April,19,MS-26-04519,INJECTION AREA,IV-HS-YL,CATHETERHUBG24W/OP,24157,11,0.05%,Acceptable 🟢,1,Below usual 🔻,0.23%
2026,April,19,MS-26-04520,INJECTION AREA,3WAY-KNOB-4,KNOB FOR 3WAY STOPCOCK-4,26343,20,0.08%,Acceptable 🟢,1,Below usual 🔻,0.09%
2026,April,19,MS-26-04521,INJECTION AREA,EP-UNIV,ENDPLUG-2,45430,30,0.07%,Acceptable 🟢,1,Below usual 🔻,0.08%
2026,April,19,MS-26-04522,INJECTION AREA,3WAY-HOU-4,3WAYHOUSING4,14607,25,0.17%,Acceptable 🟢,1,Below usual 🔻,0.34%
2026,April,19,MS-26-04523,INJECTION AREA,3WAY-HOU-5,3WAY HOUSING-5,14603,20,0.14%,Acceptable 🟢,1,Below usual 🔻,0.36%
2026,April,19,MS-26-04524,INJECTION AREA,BC-H-CAP,BC BAG HOLDER CAP,12821,22,0.17%,Acceptable 🟢,1,Below usual 🔻,0.36%
2026,April,19,MS-26-04525,INJECTION AREA,3WAY-M-CAP,3WAYMALECAP,60068,69,0.11%,Acceptable 🟢,1,Below usual 🔻,0.16%
2026,April,19,MS-26-04526,INJECTION AREA,IV-BS-2,BLOODSTOPPER-2,50820,20,0.04%,Acceptable 🟢,1,Below usual 🔻,0.06%
2026,April,19,MS-26-04527,INJECTION AREA,F-S-HOLDER,FACESHEILDHOLDER,2807,8,0.29%,Acceptable 🟢,1,Below usual 🔻,0.48%
2026,April,19,MS-26-04528,INJECTION AREA,IV-NP24-K-1,NEEDLEHOLDERW/PG24W/OSMMPNEEDLEHOLDERW/PG24KAHL,14530,30,0.21%,Acceptable 🟢,1,Above usual 🔺,0.10%
2026,April,19,MS-26-04529,INJECTION AREA,YAN-CON-UV,YANKAUERCONNECTORUNIVERSAL,15852,33,0.21%,Acceptable 🟢,1,Below usual 🔻,0.23%
2026,April,19,MS-26-04530,INJECTION AREA,MALE-CON-LL-2,MALE CONNECTOR LUER LOCK NEW,27614,80,0.29%,Acceptable 🟢,1,Below usual 🔻,0.33%
2026,April,19,MS-26-04531,INJECTION AREA,BB-HOLDER,HOLDERFORBCBAG,1569,8,0.51%,Acceptable 🟢,1,Above usual 🔺,0.48%
2026,April,19,MS-26-04532,INJECTION AREA,3WAY-KNOB-4,KNOB FOR 3WAY STOPCOCK-4,24595,37,0.15%,Acceptable 🟢,1,Above usual 🔺,0.09%
2026,April,19,MS-26-04533,INJECTION AREA,IV-HS-YL,CATHETERHUBG24W/OP,23683,26,0.11%,Acceptable 🟢,1,Below usual 🔻,0.23%
2026,April,19,MS-26-04534,INJECTION AREA,YAN-H-CTV,YANKAUERHANDLECTV,2112,30,1.42%,Acceptable 🟢,1,Above usual 🔺,0.65%
2026,April,19,MS-26-04535,INJECTION AREA,EP-UNIV,ENDPLUG-2,43279,45,0.10%,Acceptable 🟢,1,Above usual 🔺,0.08%
2026,April,19,MS-26-04536,INJECTION AREA,3WAY-HOU-4,3WAYHOUSING4,14447,22,0.15%,Acceptable 🟢,1,Below usual 🔻,0.34%
2026,April,19,MS-26-04537,INJECTION AREA,3WAY-HOU-5,3WAY HOUSING-5,14348,15,0.10%,Acceptable 🟢,1,Below usual 🔻,0.36%
2026,April,19,MS-26-04538,PAK FORM-2,G-691-3280,"ENDOTRACHEALTUBEORALPREFORMEDCUFFEDFR32ID8.0MM,OD10.7MM",,1.2000000000000002,,No data,3,No data,0.42%
2026,April,19,MS-26-04539,INJECTION AREA,BC-H-CAP,BC BAG HOLDER CAP,12952,19,0.15%,Acceptable 🟢,1,Below usual 🔻,0.36%
2026,April,19,MS-26-04540,INJECTION AREA,3WAY-M-CAP,3WAYMALECAP,61141,30,0.05%,Acceptable 🟢,1,Below usual 🔻,0.16%
2026,April,19,MS-26-04541,INJECTION AREA,IV-BS-2,BLOODSTOPPER-2,49226,26,0.05%,Acceptable 🟢,1,Below usual 🔻,0.06%
2026,April,19,MS-26-04542,INJECTION AREA,F-S-HOLDER,FACESHEILDHOLDER,3809,11,0.29%,Acceptable 🟢,1,Below usual 🔻,0.48%
2026,April,19,MS-26-04543,INJECTION AREA,IV-NP24-K-1,NEEDLEHOLDERW/PG24W/OSMMPNEEDLEHOLDERW/PG24KAHL,29020,20,0.07%,Acceptable 🟢,1,Below usual 🔻,0.10%
2026,April,19,MS-26-04544,INJECTION AREA,YAN-CON-UV,YANKAUERCONNECTORUNIVERSAL,16446,20,0.12%,Acceptable 🟢,1,Below usual 🔻,0.23%
2026,April,19,MS-26-04545,INJECTION AREA,MALE-CON-LL-2,MALE CONNECTOR LUER LOCK NEW,30089,90,0.30%,Acceptable 🟢,1,Below usual 🔻,0.33%
2026,April,19,MS-26-04546,INJECTION AREA,BB-HOLDER,HOLDERFORBCBAG,3470,4,0.12%,Acceptable 🟢,1,Below usual 🔻,0.48%
2026,April,19,MS-26-04547,INJECTION AREA,IV-HS-YL,CATHETERHUBG24W/OP,23688,30,0.13%,Acceptable 🟢,1,Below usual 🔻,0.23%
2026,April,19,MS-26-04548,INJECTION AREA,3WAY-KNOB-4,KNOB FOR 3WAY STOPCOCK-4,26191,15,0.06%,Acceptable 🟢,1,Below usual 🔻,0.09%
2026,April,19,MS-26-04549,INJECTION AREA,EP-UNIV,ENDPLUG-2,46006,35,0.08%,Acceptable 🟢,1,Above usual 🔺,0.08%
2026,April,19,MS-26-04550,INJECTION AREA,3WAY-HOU-4,3WAYHOUSING4,13486,70,0.52%,Acceptable 🟢,1,Above usual 🔺,0.34%
2026,April,19,MS-26-04551,INJECTION AREA,3WAY-HOU-5,3WAY HOUSING-5,14681,15,0.10%,Acceptable 🟢,1,Below usual 🔻,0.36%
2026,April,19,MS-26-04552,INJECTION AREA,FEP-24-R-M,FEPTUBEG-24REEL,15150,150,0.99%,Acceptable 🟢,1,Above usual 🔺,0.75%
2026,April,19,MS-26-04553,INJECTION AREA,YAN-H-CTV,YANKAUERHANDLECTV,7289,37,0.51%,Acceptable 🟢,1,Below usual 🔻,0.65%
2026,April,19,MS-26-04554,INJECTION AREA,PVC-64CZBM,PVCXMED64CZBM(MAIS),3225,25,0.78%,Acceptable 🟢,1,Above usual 🔺,0.68%
2026,April,19,MS-26-04555,INJECTION AREA,BBC-T-29CM,TUBEFORBCBAGHOLDERL-29CM,18020,20,0.11%,Acceptable 🟢,1,Below usual 🔻,0.19%
2026,April,18,MS-26-04556,PACKAGIMG AREA,G-691-2460,"ENDOTRACHEALTUBEORALPREFORMEDCUFFEDFR24ID6.0MM,OD8.2MM",2200,2.4,0.05%,Acceptable 🟢,2,Below usual 🔻,0.28%
2026,April,19,MS-26-04557,INJECTION AREA,PET-CAP-50,PET CAP FOR 50ML BOTTLE,15471,30,0.19%,Acceptable 🟢,1,Below usual 🔻,0.66%
2026,April,18,MS-26-04558,PACKAGING AREA,G-219-2222,MDI METER DOS 22/22,700,4,0.29%,Acceptable 🟢,2,At usual ✅,0.29%
2026,April,19,MS-26-04559,INJECTION AREA,ZIP-L-PB-28,SELF SEALING PLASTIC BAG W/O PRINTING SIZE:28CM,325,5,1.54%,Acceptable 🟢,1,Above usual 🔺,1.23%
2026,April,19,MS-26-04560,INJECTION AREA,SUC-CON-T-180,SUCTIONCONNTUBES/S180CM.,4211,11,0.26%,Acceptable 🟢,1,Below usual 🔻,0.68%
2026,April,18,MS-26-04561,PACKAGING AREA,G-401-0010,3WAYSTOPCOCKWITH10CMTUBE-STERILE,8000,12,0.05%,Acceptable 🟢,3,Below usual 🔻,0.40%
2026,April,19,MS-26-04562,INJECTION AREA,BOT-GEL-1000,GEL BOTTLE  1000 ML W/O NECK,1619,9,0.56%,Acceptable 🟢,1,Below usual 🔻,1.56%
2026,April,19,MS-26-04563,INJECTION AREA,SUC-CON-T-180,SUCTIONCONNTUBES/S180CM.,3924,24,0.61%,Acceptable 🟢,1,Below usual 🔻,0.68%
2026,April,19,MS-26-04564,INJECTION AREA,UM-1000ML,URINALMALEBOTTLE1000ML,1714,14,0.82%,Acceptable 🟢,1,Above usual 🔺,0.43%
2026,April,18,MS-26-04565,PACKAGING AREA,G-112-0850,FEEDING TUBE SIZE 08-50CM,3043,27,0.30%,Acceptable 🟢,3,At usual ✅,0.30%
2026,April,19,MS-26-04566,INJECTION AREA,UM-1000ML,URINALMALEBOTTLE1000ML,2027,2,0.10%,Acceptable 🟢,1,Below usual 🔻,0.43%
2026,April,19,MS-26-04567,INJECTION AREA,BBC-T-29CM,TUBEFORBCBAGHOLDERL-29CM,19536,36,0.18%,Acceptable 🟢,1,Below usual 🔻,0.19%
2026,April,19,MS-26-04568,INJECTION AREA,SUC-CON-T-180,SUCTIONCONNTUBES/S180CM.,2604,4,0.15%,Acceptable 🟢,1,Below usual 🔻,0.68%
2026,April,19,MS-26-04569,INJECTION AREA,SUC-CON-T-180,SUCTIONCONNTUBES/S180CM.,3906,6,0.15%,Acceptable 🟢,1,Below usual 🔻,0.68%
2026,April,19,MS-26-04570,INJECTION AREA,ZIP-L-PB-28,SELF SEALING PLASTIC BAG W/O PRINTING SIZE:28CM,332,2,0.60%,Acceptable 🟢,1,Below usual 🔻,1.23%
2026,April,19,MS-26-04571,INJECTION AREA,BBC-T-29CM,TUBEFORBCBAGHOLDERL-29CM,20031,31,0.15%,Acceptable 🟢,1,Below usual 🔻,0.19%
2026,April,19,MS-26-04572,INJECTION AREA,ZIP-L-PB-28,SELF SEALING PLASTIC BAG W/O PRINTING SIZE:28CM,345,5,1.45%,Acceptable 🟢,1,Above usual 🔺,1.23%
2026,April,19,MS-26-04573,INJECTION AREA,BB-HOLDER,HOLDERFORBCBAG,1827,5,0.27%,Acceptable 🟢,1,Below usual 🔻,0.48%
2026,April,19,MS-26-04574,INJECTION AREA,SIL-MC-19G,SILICONROUNDCHANNELSIZE:19,310,10,3.23%,Acceptable 🟢,1,Above usual 🔺,2.53%
2026,April,19,MS-26-04575,ZHONGYI-4,G-131-1650,MALE NEALTON CATH CH:16-50CM,,1.1800000000000002,,No data,3,No data,
2026,April,19,MS-26-04576,Multivac,G-093-3SRM,"LARYNGEAL MASK AIRWAY TUBE CURVED WITH FIXATION TAB ELONGATED CUFF WITH GASTRIC ACCESS ,SIZE – 3.0",,1.3199999999999998,,No data,3,No data,0.22%
2026,April,19,MS-26-04577,THERA 650,G-571-3200,THORACICCATHETERSTRAIGHT SIZE # 32,,1.1800000000000002,,No data,3,No data,0.42%
2026,April,19,MS-26-04578,PAK FOFRM-2,G-534-1000,TRACHEOSTOMYMASK-ADULT,,1.2000000000000002,,No data,3,No data,0.24%
2026,April,16,MS-26-04579,PAKAGING AREA,G-141-0210,SUCTION CONNECTING TUBE 2 METER,3150,8,0.13%,Acceptable 🟢,2,Below usual 🔻,0.16%
2026,April,16,MS-26-04580,PAKAGING AREA,G-162-1180,YANKUR SUCTION SET 180CM,7000,4,0.03%,Acceptable 🟢,2,Below usual 🔻,0.54%
2026,April,16,MS-26-04581,PAKAGING AREA,G-401-0010,3WAYSTOPCOCKWITH10CMTUBE-STERILE,18500,3,0.01%,Acceptable 🟢,2,Below usual 🔻,0.40%
2026,April,16,MS-26-04582,PAKAGING AREA,G-162-1180,YANKUR SUCTION SET 180CM,3350,1.4,0.02%,Acceptable 🟢,2,Below usual 🔻,0.54%
2026,April,16,MS-26-04583,PAKAGING AREA,G-175-N3ML,ORAL MEDICATION SYRING 3ML,6000,1.36,0.01%,Acceptable 🟢,2,At usual ✅,0.01%
2026,April,19,MS-26-04584,SUPERMASTER#23,IV-HS-YL,CATHETERHUBG24W/OP,,0.03,,No data,1,No data,0.23%
2026,April,19,MS-26-04585,SUPERMASTER#25,3WAY-KNOB-4,KNOB FOR 3WAY STOPCOCK-4,,0.01,,No data,1,No data,0.09%
2026,April,19,MS-26-04586,ARBURG#12,IV-NP-24-K1,NEEDLEHOLDERG24W/P,,0.02,,No data,1,No data,
2026,April,19,MS-26-04587,PARKER#01,BOT-GEL-1000,GEL BOTTLE  1000 ML W/O NECK,,0.07,,No data,1,No data,1.56%
2026,April,20,MS-26-04588,Huarong#32,3WAY-HOU-4,3WAYHOUSING4,,0.02,,No data,1,No data,0.34%
2026,April,20,MS-26-04589,HUARONG#33,3WAY-HOU-5,3WAY HOUSING-5,,0.02,,No data,1,No data,0.36%
2026,April,20,MS-26-04590,SUPER MASTER #23,IV-HS-YL,CATHETERHUBG24W/OP,,0.05,,No data,1,No data,0.23%
2026,April,20,MS-26-04591,Super Master#25,3WAY-KNOB-4,KNOB FOR 3WAY STOPCOCK-4,,0.01,,No data,1,No data,0.09%
2026,April,18,MS-26-04592,ASSMBLY AREA,G-401-0010,3WAYSTOPCOCKWITH10CMTUBE-STERILE,8800,97,0.18%,Acceptable 🟢,6,Below usual 🔻,0.40%
2026,April,16,MS-26-04593,ASSMBLY AREA,G-401-0010,3WAYSTOPCOCKWITH10CMTUBE-STERILE,10000,432,0.72%,Acceptable 🟢,6,Above usual 🔺,0.40%
2026,April,20,MS-26-04594,Zhongyi-3,G-502-1640,ENDOTRACHEALTUBEO/N REINFORCE CUFFED 4.0 MM,,1.08,,No data,3,No data,
2026,April,16,MS-26-04595,ASSMBLY AREA,G-304-0650,Sodium Bicarbonate Fresenious 650gm,852,27.72,0.54%,Acceptable 🟢,6,At usual ✅,0.54%
2026,April,17,MS-26-04596,PACKAGING AREA,G-401-0010,3WAYSTOPCOCKWITH10CMTUBE-STERILE,10500,6,0.02%,Acceptable 🟢,3,Below usual 🔻,0.40%
2026,April,17,MS-26-04597,PACKAGING AREA,G-162-1180,YANKUR SUCTION SET 180CM,2700,3,0.06%,Acceptable 🟢,2,Below usual 🔻,0.54%
2026,April,17,MS-26-04598,PACKAGING AREA,G-653-1000,BREATHINGFILTERWITHHMEPEDIATRIC,4500,11,0.12%,Acceptable 🟢,2,Below usual 🔻,0.75%
2026,April,17,MS-26-04599,PACKAGING AREA,G-056-0618,"PENROSE DRAINAGE TUBE SIZE: 1/4""X18 """,4800,1,0.01%,Acceptable 🟢,2,At usual ✅,0.01%
2026,April,17,MS-26-04600,PACKAGING AREA,G-401-0010,3WAYSTOPCOCKWITH10CMTUBE-STERILE,12000,8,0.02%,Acceptable 🟢,3,Below usual 🔻,0.40%
2026,April,17,MS-26-04601,PACKAGING AREA,G-500-2665,ENDOTRACHEALTUBE O/N UNCUFFED SIZE # 6.5MM,1350,10.8,0.40%,Acceptable 🟢,2,At usual ✅,0.40%
2026,April,18,MS-26-04602,PACKAGING AREA,G-101-1600,RYLES TUBE SIZE 16,2500,2,0.04%,Acceptable 🟢,2,Below usual 🔻,0.11%
2026,April,18,MS-26-04603,PACKAGING AREA,G-120-1440,SUCTION CATH F/C CH14 L.40CM,6000,8.4,0.07%,Acceptable 🟢,2,Above usual 🔺,0.05%
2026,April,18,MS-26-04604,PACKAGING AREA,G-162-1180,YANKUR SUCTION SET 180CM,3000,5.2,0.09%,Acceptable 🟢,2,Below usual 🔻,0.54%
2026,April,20,MS-26-04605,PAK FORM-2,G-691-2870,"ENDOTRACHEALTUBEORALPREFORMEDCUFFEDFR28ID7.0MM,OD9.3MM",,1.2000000000000002,,No data,3,No data,
2026,April,20,MS-26-04606,NEW KAHLE,BU-070-1432,IV CANNULA WITHOUT PORT 14G NEEDLE LENGTH-32MM,,60.870000000000005,,No data,5,No data,
2026,April,20,MS-26-04607,INJECTION AREA,BOT-GEL-1000,GEL BOTTLE  1000 ML W/O NECK,1858,8,0.43%,Acceptable 🟢,1,Below usual 🔻,1.56%
2026,April,20,MS-26-04608,INJECTION AREA,UM-1000ML,URINALMALEBOTTLE1000ML,2229,9,0.40%,Acceptable 🟢,1,Below usual 🔻,0.43%
2026,April,20,MS-26-04609,INJECTION AREA,PET-CAP-50,PET CAP FOR 50ML BOTTLE,15035,22,0.15%,Acceptable 🟢,1,Below usual 🔻,0.66%
2026,April,20,MS-26-04610,INJECTION AREA,ZIP-L-PB-28,SELF SEALING PLASTIC BAG W/O PRINTING SIZE:28CM,337,2,0.59%,Acceptable 🟢,1,Below usual 🔻,1.23%
2026,April,20,MS-26-04611,INJECTION AREA,SUC-CON-T-180,SUCTIONCONNTUBES/S180CM.,4615,15,0.33%,Acceptable 🟢,1,Below usual 🔻,0.68%
2026,April,20,MS-26-04612,INJECTION AREA,EXT-DT-456812M,Drain Line Extension Tubing L-12 Meter ID: 4.5mm OD: 6.8mm,528,3,0.57%,Acceptable 🟢,1,Below usual 🔻,1.50%
2026,April,20,MS-26-04613,INJECTION AREA,EXT-DT-456812M,Drain Line Extension Tubing L-12 Meter ID: 4.5mm OD: 6.8mm,565,5,0.88%,Acceptable 🟢,1,Below usual 🔻,1.50%
2026,April,20,MS-26-04614,INJECTION AREA,SUC-CON-T-180,SUCTIONCONNTUBES/S180CM.,4433,33,0.74%,Acceptable 🟢,1,Above usual 🔺,0.68%
2026,April,20,MS-26-04615,INJECTION AREA,BC-H-CAP,BC BAG HOLDER CAP,14021,22,0.16%,Acceptable 🟢,1,Below usual 🔻,0.36%
2026,April,20,MS-26-04616,INJECTION AREA,3WAY-M-CAP,3WAYMALECAP,58938,50,0.08%,Acceptable 🟢,1,Below usual 🔻,0.16%
2026,April,20,MS-26-04617,INJECTION AREA,IV-BS-2,BLOODSTOPPER-2,49225,25,0.05%,Acceptable 🟢,1,Below usual 🔻,0.06%
2026,April,20,MS-26-04618,INJECTION AREA,F-S-HOLDER,FACESHEILDHOLDER,3846,19,0.49%,Acceptable 🟢,1,Above usual 🔺,0.48%
2026,April,20,MS-26-04619,INJECTION AREA,UM-CAP,URINALMALECOVERCAP,2616,7,0.27%,Acceptable 🟢,1,Below usual 🔻,0.49%
2026,April,20,MS-26-04620,INJECTION AREA,IV-NP24-K-1,NEEDLEHOLDERW/PG24W/OSMMPNEEDLEHOLDERW/PG24KAHL,17511,11,0.06%,Acceptable 🟢,1,Below usual 🔻,0.10%
2026,April,20,MS-26-04621,INJECTION AREA,YAN-CON-UV,YANKAUERCONNECTORUNIVERSAL,15915,60,0.38%,Acceptable 🟢,1,Above usual 🔺,0.23%
2026,April,20,MS-26-04622,INJECTION AREA,MALE-CON-LL-2,MALE CONNECTOR LUER LOCK NEW,30354,65,0.21%,Acceptable 🟢,1,Below usual 🔻,0.33%
2026,April,20,MS-26-04623,INJECTION AREA,BB-HOLDER,HOLDERFORBCBAG,3669,9,0.25%,Acceptable 🟢,1,Below usual 🔻,0.48%
2026,April,20,MS-26-04624,INJECTION AREA,YAN-H-CTV,YANKAUERHANDLECTV,3804,35,0.92%,Acceptable 🟢,1,Above usual 🔺,0.65%
2026,April,20,MS-26-04625,INJECTION AREA,YAN-H-CTV,YANKAUERHANDLECTV,3950,40,1.01%,Acceptable 🟢,1,Above usual 🔺,0.65%
2026,April,20,MS-26-04626,INJECTION AREA,IV-HS-YL,CATHETERHUBG24W/OP,24914,37,0.15%,Acceptable 🟢,1,Below usual 🔻,0.23%
2026,April,20,MS-26-04627,INJECTION AREA,3WAY-KNOB-4,KNOB FOR 3WAY STOPCOCK-4,44508,14,0.03%,Acceptable 🟢,1,Below usual 🔻,0.09%
2026,April,20,MS-26-04628,INJECTION AREA,EP-UNIV,ENDPLUG-2,44508,26,0.06%,Acceptable 🟢,1,Below usual 🔻,0.08%
2026,April,20,MS-26-04629,INJECTION AREA,3WAY-HOU-4,3WAYHOUSING4,10368,36,0.35%,Acceptable 🟢,1,Above usual 🔺,0.34%
2026,April,20,MS-26-04630,INJECTION AREA,3WAY-HOU-5,3WAY HOUSING-5,14265,16,0.11%,Acceptable 🟢,1,Below usual 🔻,0.36%
2026,April,20,MS-26-04631,INJECTION AREA,PVC-66CZV1NA-M,PVCCOMP-MXMED-66CZV1NAM,1965,15,0.76%,Acceptable 🟢,1,Above usual 🔺,0.45%
2026,April,20,MS-26-04632,ZHONGYI- 5,G-134-0820,NELATON CATH HYDROPHILIC SELF LUBRICATED READY TO USE PVC FREE FEMALE SIZE: 8FR L-20CM,,1,,No data,3,No data,0.02%
2026,April,20,MS-26-04633,Zhongyi-3,G-501-1845,ENDOTRACHEALTUBE O/N CUFFED SIZE # 4.5MM,,1.1800000000000002,,No data,3,No data,
2026,April,20,MS-26-04634,PAK FORM- 2,G-691-2870,"ENDOTRACHEALTUBEORALPREFORMEDCUFFEDFR28ID7.0MM,OD9.3MM",,1.2000000000000002,,No data,3,No data,
2026,April,20,MS-26-04635,Zhongyi-3,G-501-1640,ENDOTRACHEAL TUBE ORAL/NASAL CUFFED SIZE # 4.0MM,,1.1800000000000002,,No data,3,No data,
2026,April,20,MS-26-04636,THERA 650,G-442-1415,2-WAY F. CATHTER S/C SIZE: 14-15ML,,1.2000000000000002,,No data,3,No data,0.31%
2026,April,20,MS-26-04637,SUPERMASTER#23,IV-HS-YL,CATHETERHUBG24W/OP,,0.03,,No data,1,No data,0.23%
2026,April,20,MS-26-04638,SUPERMASTER#25,3WAY-KNOB-4,KNOB FOR 3WAY STOPCOCK-4,,0.01,,No data,1,No data,0.09%
2026,April,20,MS-26-04639,SUPERMASTER#19,APC-3-HOU-1,Housing for Applicator (D:1.5 cm),,0.02,,No data,1,No data,0.57%
2026,April,20,MS-26-04640,ARBURG#12,IV-NP24-K-1,NEEDLEHOLDERW/PG24W/OSMMPNEEDLEHOLDERW/PG24KAHL,,0.04,,No data,1,No data,0.10%
2026,April,20,MS-26-04641,PARKER#01,BOT-GEL-1000,GEL BOTTLE  1000 ML W/O NECK,,0.07,,No data,1,No data,1.56%
2026,April,21,MS-26-04642,Huarong#32,3WAY-HOU-4,3WAYHOUSING4,,0.02,,No data,1,No data,0.34%
2026,April,21,MS-26-04643,Huaong#33,3WAY-HOU-5,3WAY HOUSING-5,,0.02,,No data,1,No data,0.36%
2026,April,21,MS-26-04644,ARBURG#12,IV-NP-24-K1,NEEDLEHOLDERG24W/P,,0.04,,No data,1,No data,
2026,April,21,MS-26-04645,SUPER MASTER#23,IV-HS-YL,CATHETERHUBG24W/OP,,0.05,,No data,1,No data,0.23%
2026,April,21,MS-26-04646,Super Master#25,3WAY-KNOB-4,KNOB FOR 3WAY STOPCOCK-4,,0.01,,No data,1,No data,0.09%
2026,April,19,MS-26-04647,ASSMBLY AREA,G-070-1432,IVCANNULAWITHOUTPORT24GX13MM SHORT,15950,3195,2.00%,Acceptable 🟢,7,Above usual 🔺,1.44%
2026,April,21,MS-26-04648,INJECTION AREA,3WAY-HOU-5,3WAY HOUSING-5,14769,20,0.14%,Acceptable 🟢,1,Below usual 🔻,0.36%
2026,April,21,MS-26-04649,INJECTION AREA,BOT-GEL-1000,GEL BOTTLE  1000 ML W/O NECK,1916,6,0.31%,Acceptable 🟢,1,Below usual 🔻,1.56%
2026,April,21,MS-26-04650,INJECTION AREA,UM-1000ML,URINALMALEBOTTLE1000ML,2269,9,0.40%,Acceptable 🟢,1,Below usual 🔻,0.43%
2026,April,21,MS-26-04651,INJECTION AREA,ZIP-L-PB-28,SELF SEALING PLASTIC BAG W/O PRINTING SIZE:28CM,337,2,0.59%,Acceptable 🟢,1,Below usual 🔻,1.23%
2026,April,21,MS-26-04652,INJECTION AREA,SUC-CON-T-180,SUCTIONCONNTUBES/S180CM.,4609,9,0.20%,Acceptable 🟢,1,Below usual 🔻,0.68%
2026,April,21,MS-26-04653,INJECTION AREA,PET-CAP-50,PET CAP FOR 50ML BOTTLE,11767,30,0.25%,Acceptable 🟢,1,Below usual 🔻,0.66%
2026,April,21,MS-26-04654,INJECTION AREA,APC-3-HOU-1,Housing for Applicator (D:1.5 cm),1990,19,0.95%,Acceptable 🟢,1,Above usual 🔺,0.57%
2026,April,21,MS-26-04655,INJECTION AREA,APC-3-NOZ-1,Nozzle for applicator,2491,30,1.20%,Acceptable 🟢,1,Above usual 🔺,0.50%
2026,April,21,MS-26-04656,INJECTION AREA,APC-3-COV-1,Cap Bottom Cover for Applicator (D:2.7cm),2222,35,1.58%,Acceptable 🟢,1,Above usual 🔺,0.59%
2026,April,21,MS-26-04657,INJECTION AREA,APC-3-CAP-1,Cap Top Housing for Applicator (D:1.5 cm),2520,20,0.79%,Acceptable 🟢,1,Above usual 🔺,0.55%
2026,April,21,MS-26-04658,INJECTION AREA,APC-3-PTC-1,Protector for Applicator (D:3.5 cm),2763,22,0.80%,Acceptable 🟢,1,Above usual 🔺,0.49%
2026,April,21,MS-26-04659,INJECTION AREA,PVC-66CZV1NA-M,PVCCOMP-MXMED-66CZV1NAM,2620,20,0.76%,Acceptable 🟢,1,Above usual 🔺,0.45%
2026,April,21,MS-26-04660,INJECTION AREA,3WAY-HOU-4,3WAYHOUSING4,10300,52,0.50%,Acceptable 🟢,1,Above usual 🔺,0.34%
2026,April,21,MS-26-04661,INJECTION AREA,BC-H-CAP,BC BAG HOLDER CAP,13358,25,0.19%,Acceptable 🟢,1,Below usual 🔻,0.36%
2026,April,21,MS-26-04662,INJECTION AREA,3WAY-M-CAP,3WAYMALECAP,63359,26,0.04%,Acceptable 🟢,1,Below usual 🔻,0.16%
2026,April,21,MS-26-04663,INJECTION AREA,IV-BS-2,BLOODSTOPPER-2,52030,30,0.06%,Acceptable 🟢,1,Above usual 🔺,0.06%
2026,April,21,MS-26-04664,INJECTION AREA,F-S-HOLDER,FACESHEILDHOLDER,3759,26,0.69%,Acceptable 🟢,1,Above usual 🔺,0.48%
2026,April,21,MS-26-04665,INJECTION AREA,UM-CAP,URINALMALECOVERCAP,1252,7,0.56%,Acceptable 🟢,1,Above usual 🔺,0.49%
2026,April,21,MS-26-04666,INJECTION AREA,IV-NP24-K-1,NEEDLEHOLDERW/PG24W/OSMMPNEEDLEHOLDERW/PG24KAHL,31030,30,0.10%,Acceptable 🟢,1,Above usual 🔺,0.10%
2026,April,21,MS-26-04667,INJECTION AREA,YAN-CON-UV,YANKAUERCONNECTORUNIVERSAL,15482,20,0.13%,Acceptable 🟢,1,Below usual 🔻,0.23%
2026,April,21,MS-26-04668,INJECTION AREA,MALE-CON-LL-2,MALE CONNECTOR LUER LOCK NEW,30619,40,0.13%,Acceptable 🟢,1,Below usual 🔻,0.33%
2026,April,21,MS-26-04669,INJECTION AREA,BB-HOLDER,HOLDERFORBCBAG,2653,9,0.34%,Acceptable 🟢,1,Below usual 🔻,0.48%
2026,April,21,MS-26-04670,INJECTION AREA,IV-HS-YL,CATHETERHUBG24W/OP,23464,50,0.21%,Acceptable 🟢,1,Below usual 🔻,0.23%
2026,April,21,MS-26-04671,INJECTION AREA,3WAY-KNOB-4,KNOB FOR 3WAY STOPCOCK-4,24878,26,0.10%,Acceptable 🟢,1,Above usual 🔺,0.09%
2026,April,21,MS-26-04672,INJECTION AREA,EP-UNIV,ENDPLUG-2,45376,20,0.04%,Acceptable 🟢,1,Below usual 🔻,0.08%
2026,April,21,MS-26-04673,INJECTION AREA,3WAY-HOU-4,3WAYHOUSING4,14600,18,0.12%,Acceptable 🟢,1,Below usual 🔻,0.34%
2026,April,21,MS-26-04674,INJECTION AREA,YAN-H-CTV,YANKAUERHANDLECTV,4038,35,0.87%,Acceptable 🟢,1,Above usual 🔺,0.65%
2026,April,21,MS-26-04675,NEW KAHLE,BU-070-1432,IV CANNULA WITHOUT PORT 14G NEEDLE LENGTH-32MM,,60.870000000000005,,No data,5,No data,
2026,April,21,MS-26-04676,INJECTION AREA,YAN-H-CTV,YANKAUERHANDLECTV,3750,28,0.75%,Acceptable 🟢,1,Above usual 🔺,0.65%
2026,April,21,MS-26-04678,NELI PACK,G-625-0730,CVC T/L FR-07 X 30CM,,0.88,,No data,1,No data,3.62%
2026,April,21,MS-26-04679,SUPERMASTER#23,IV-HS-YL,CATHETERHUBG24W/OP,,0.03,,No data,1,No data,0.23%
2026,April,21,MS-26-04680,SUPERMASTER#25,3WAY-KNOB-4,KNOB FOR 3WAY STOPCOCK-4,,0.01,,No data,1,No data,0.09%
2026,April,21,MS-26-04681,SUPERMASTER#19,APC-3-HOU-1,Housing for Applicator (D:1.5 cm),,0.02,,No data,1,No data,0.57%
2026,April,21,MS-26-04682,ARBURG#12,IV-NP24-K-1,NEEDLEHOLDERW/PG24W/OSMMPNEEDLEHOLDERW/PG24KAHL,,0.04,,No data,1,No data,0.10%
2026,April,21,MS-26-04683,PARKER#01,BOT-GEL-1000,GEL BOTTLE  1000 ML W/O NECK,,0.07,,No data,1,No data,1.56%
2026,April,22,MS-26-04684,ARBURG #12,IV-NP-24-K1,NEEDLEHOLDERG24W/P,,0.04,,No data,1,No data,
2026,April,22,MS-26-04685,SUPER MASTER#23,IV-HS-YL,CATHETERHUBG24W/OP,,0.05,,No data,1,No data,0.23%
2026,April,22,MS-26-04686,Super Master#25,3WAY-KNOB-4,KNOB FOR 3WAY STOPCOCK-4,,0.01,,No data,1,No data,0.09%
2026,April,22,MS-26-04687,Huarong#32,3WAY-HOU-4,3WAYHOUSING4,,0.02,,No data,1,No data,0.34%
2026,April,22,MS-26-04688,HUARONG#33,3WAY-HOU-5,3WAY HOUSING-5,,0.02,,No data,1,No data,0.36%
2026,April,20,MS-26-04689,ASSEMBLY AREA,G-711-2102,"Face Shield , without sponge Hard Frame type Nose Mouth & Eyes Covered",163643,59857,36.58%,High reject 🔴,1,Above usual 🔺,5.97%
2026,April,20,MS-26-04690,ASSEMBLY AREA,G-711-2102,"Face Shield , without sponge Hard Frame type Nose Mouth & Eyes Covered",98248,75560,76.91%,High reject 🔴,1,Above usual 🔺,5.97%
2026,April,22,MS-26-04692,INJECTION AREA,T-FILL-25CM,QUICK FILL TUBE L-25CM ID. 4.0MM OD. 5.6MM,10057,57,0.57%,Acceptable 🟢,1,At usual ✅,0.57%
2026,April,22,MS-26-04693,INJECTION AREA,SUC-CON-T-180,SUCTIONCONNTUBES/S180CM.,4415,15,0.34%,Acceptable 🟢,1,Below usual 🔻,0.68%
2026,April,22,MS-26-04694,INJECTION AREA,SUC-CON-T-180,SUCTIONCONNTUBES/S180CM.,6933,33,0.48%,Acceptable 🟢,1,Below usual 🔻,0.68%
2026,April,22,MS-26-04695,INJECTION AREA,UM-1000ML,URINALMALEBOTTLE1000ML,2310,10,0.43%,Acceptable 🟢,1,Above usual 🔺,0.43%
2026,April,22,MS-26-04696,INJECTION AREA,BOT-GEL-1000,GEL BOTTLE  1000 ML W/O NECK,1897,7,0.37%,Acceptable 🟢,1,Below usual 🔻,1.56%
2026,April,22,MS-26-04697,INJECTION AREA,PET-CAP-50,PET CAP FOR 50ML BOTTLE,11551,25,0.22%,Acceptable 🟢,1,Below usual 🔻,0.66%
2026,April,22,MS-26-04698,INJECTION AREA,APC-3-HOU-1,Housing for Applicator (D:1.5 cm),3338,15,0.45%,Acceptable 🟢,1,Below usual 🔻,0.57%
2026,April,22,MS-26-04699,INJECTION AREA,APC-3-NOZ-1,Nozzle for applicator,4170,17,0.41%,Acceptable 🟢,1,Below usual 🔻,0.50%
2026,April,22,MS-26-04700,INJECTION AREA,APC-3-CAP-1,Cap Top Housing for Applicator (D:1.5 cm),4533,33,0.73%,Acceptable 🟢,1,Above usual 🔺,0.55%
2026,April,22,MS-26-04701,INJECTION AREA,APC-3-COV-1,Cap Bottom Cover for Applicator (D:2.7cm),3525,25,0.71%,Acceptable 🟢,1,Above usual 🔺,0.59%
2026,April,22,MS-26-04702,INJECTION AREA,APC-3-PTC-1,Protector for Applicator (D:3.5 cm),4639,27,0.58%,Acceptable 🟢,1,Above usual 🔺,0.49%
2026,April,22,MS-26-04703,ZHONGYI-4,G-123-1250,SUCTION CATH F/C CH:12 L-50CM,,1.1400000000000001,,No data,3,No data,0.15%
2026,April,22,MS-26-04704,COLIMATIC-90-2,G-214-SLMS,"CONNECTOR SIMS 5-10 MM,",,1.06,,No data,3,No data,0.32%
2026,April,22,MS-26-04705,Huarong#32,3WAY-HOU-4,3WAYHOUSING4,,0.05,,No data,1,No data,0.34%
2026,April,22,MS-26-04706,HUARONG#33,3WAY-HOU-5,3WAY HOUSING-5,,0.05,,No data,1,No data,0.36%
2026,April,22,MS-26-04707,HUARONG#31,EP-UNIV,ENDPLUG-2,,0.06999999999999999,,No data,3,No data,0.08%
2026,April,22,MS-26-04708,PANTAGON 3WAY ASS.M/C,BU-401-0010,3 WAY STOPCOCK WITH 10 CM TUBE -STERILE,,96,,No data,6,No data,0.25%
2026,April,22,MS-26-04709,THERA 650,G-120-1440,SUCTION CATH F/C CH14 L.40CM,,1.2000000000000002,,No data,3,No data,0.05%
2026,April,22,MS-26-04710,NEW KAHLE,BU-070-1432,IV CANNULA WITHOUT PORT 14G NEEDLE LENGTH-32MM,,60.870000000000005,,No data,5,No data,
2026,April,22,MS-26-04711,SUPERMASTER#,IV-HS-YL,CATHETERHUBG24W/OP,,0.03,,No data,1,No data,0.23%
2026,April,22,MS-26-04712,SUPERMASTER#25,3WAY-KNOB-4,KNOB FOR 3WAY STOPCOCK-4,,0.01,,No data,1,No data,0.09%
2026,April,22,MS-26-04713,SUPERMASTER#19,APC-3-HOU-1,Housing for Applicator (D:1.5 cm),,0.02,,No data,1,No data,0.57%
2026,April,22,MS-26-04714,ARBURG#12,IV-HS-YL,CATHETERHUBG24W/OP,,0.04,,No data,1,No data,0.23%
2026,April,22,MS-26-04715,PARKER#01,BOT-GEL-1000,GEL BOTTLE  1000 ML W/O NECK,,0.07,,No data,1,No data,1.56%
2026,April,23,MS-26-04716,Huarong#32,3WAY-HOU-4,3WAYHOUSING4,,0.02,,No data,1,No data,0.34%
2026,April,23,MS-26-04717,HUARONG#33,3WAY-HOU-5,3WAY HOUSING-5,,0.02,,No data,1,No data,0.36%
2026,April,23,MS-26-04718,COLIMATIC-90-2,G-721-2590,"SPINALNEEDLEQUINCKEBEVELWITHINTRODUCERNEEDLEG25X3.5""-ORANGE",,1.06,,No data,3,No data,
2026,April,23,MS-26-04719,ARBURG#12,IV-NP-24-K1,NEEDLEHOLDERG24W/P,,0.04,,No data,1,No data,
2026,April,23,MS-26-04720,SUPER MASTER #23,IV-NP-24-K1,NEEDLEHOLDERG24W/P,,0.05,,No data,1,No data,
2026,April,23,MS-26-04721,Super Master#25,3WAY-KNOB-4,KNOB FOR 3WAY STOPCOCK-4,,0.01,,No data,1,No data,0.09%
2026,April,20,MS-26-04722,PAKAGING AREA,G-072-2225,IV CANNULA G22X25MM,8500,2.2,0.03%,Acceptable 🟢,1,Above usual 🔺,0.01%
2026,April,20,MS-26-04723,PAKAGING AREA,G-162-1180,YANKUR SUCTION SET 180CM,2800,2.8,0.05%,Acceptable 🟢,2,Below usual 🔻,0.54%
2026,April,23,MS-26-04724,INJECTION AREA,IV-BS-2,BLOODSTOPPER-2,51633,33,0.06%,Acceptable 🟢,1,Above usual 🔺,0.06%
2026,April,23,MS-26-04725,INJECTION AREA,3WAY-M-CAP,3WAYMALECAP,61691,25,0.04%,Acceptable 🟢,1,Below usual 🔻,0.16%
2026,April,23,MS-26-04726,INJECTION AREA,F-S-HOLDER,FACESHEILDHOLDER,2399,23,0.96%,Acceptable 🟢,1,Above usual 🔺,0.48%
2026,April,23,MS-26-04727,INJECTION AREA,IV-HS-YL,CATHETERHUBG24W/OP,23469,55,0.23%,Acceptable 🟢,1,Below usual 🔻,0.23%
2026,April,23,MS-26-04728,INJECTION AREA,YAN-CON-UV,YANKAUERCONNECTORUNIVERSAL,14704,27,0.18%,Acceptable 🟢,1,Below usual 🔻,0.23%
2026,April,23,MS-26-04729,INJECTION AREA,IV-NP24-K-1,NEEDLEHOLDERW/PG24W/OSMMPNEEDLEHOLDERW/PG24KAHL,35025,25,0.07%,Acceptable 🟢,1,Below usual 🔻,0.10%
2026,April,23,MS-26-04730,INJECTION AREA,3WAY-KNOB-4,KNOB FOR 3WAY STOPCOCK-4,25605,17,0.07%,Acceptable 🟢,1,Below usual 🔻,0.09%
2026,April,23,MS-26-04731,INJECTION AREA,BC-H-CAP,BC BAG HOLDER CAP,13107,41,0.31%,Acceptable 🟢,1,Below usual 🔻,0.36%
2026,April,23,MS-26-04732,INJECTION AREA,MALE-CON-LL-2,MALE CONNECTOR LUER LOCK NEW,29754,45,0.15%,Acceptable 🟢,1,Below usual 🔻,0.33%
2026,April,23,MS-26-04733,INJECTION AREA,EP-UNIV,ENDPLUG-2,40675,25,0.06%,Acceptable 🟢,1,Below usual 🔻,0.08%
2026,April,23,MS-26-04734,INJECTION AREA,YAN-H-CTV,YANKAUERHANDLECTV,579,5,0.86%,Acceptable 🟢,1,Above usual 🔺,0.65%
2026,April,23,MS-26-04735,INJECTION AREA,YAN-H-CTV,YANKAUERHANDLECTV,6903,21,0.30%,Acceptable 🟢,1,Below usual 🔻,0.65%
2026,April,23,MS-26-04736,INJECTION AREA,3WAY-HOU-4,3WAYHOUSING4,14138,55,0.39%,Acceptable 🟢,1,Above usual 🔺,0.34%
2026,April,23,MS-26-04737,INJECTION AREA,3WAY-HOU-5,3WAY HOUSING-5,14449,33,0.23%,Acceptable 🟢,1,Below usual 🔻,0.36%
2026,April,23,MS-26-04738,INJECTION AREA,UM-1000ML,URINALMALEBOTTLE1000ML,2349,9,0.38%,Acceptable 🟢,1,Below usual 🔻,0.43%
2026,April,23,MS-26-04739,INJECTION AREA,BOT-GEL-1000,GEL BOTTLE  1000 ML W/O NECK,1907,7,0.37%,Acceptable 🟢,1,Below usual 🔻,1.56%
2026,April,23,MS-26-04740,INJECTION AREA,APC-3-HOU-1,Housing for Applicator (D:1.5 cm),3661,14,0.38%,Acceptable 🟢,1,Below usual 🔻,0.57%
2026,April,23,MS-26-04741,INJECTION AREA,APC-3-NOZ-1,Nozzle for applicator,4663,10,0.21%,Acceptable 🟢,1,Below usual 🔻,0.50%
2026,April,23,MS-26-04742,INJECTION AREA,APC-3-COV-1,Cap Bottom Cover for Applicator (D:2.7cm),4975,15,0.30%,Acceptable 🟢,1,Below usual 🔻,0.59%
2026,April,23,MS-26-04743,INJECTION AREA,APC-3-CAP-1,Cap Top Housing for Applicator (D:1.5 cm),4843,10,0.21%,Acceptable 🟢,1,Below usual 🔻,0.55%
2026,April,23,MS-26-04744,INJECTION AREA,APC-3-PTC-1,Protector for Applicator (D:3.5 cm),5220,11,0.21%,Acceptable 🟢,1,Below usual 🔻,0.49%
2026,April,23,MS-26-04745,INJECTION AREA,BBT-7MM-5MTR,BABBLESTUBEID=7MMTL=5MT,536,11,2.05%,Acceptable 🟢,1,Below usual 🔻,2.35%
2026,April,23,MS-26-04746,INJECTION AREA,SUC-CON-T-180,SUCTIONCONNTUBES/S180CM.,4409,9,0.20%,Acceptable 🟢,1,Below usual 🔻,0.68%
2026,April,23,MS-26-04747,INJECTION AREA,SUC-CON-T-180,SUCTIONCONNTUBES/S180CM.,4611,11,0.24%,Acceptable 🟢,1,Below usual 🔻,0.68%
2026,April,23,MS-26-04748,INJECTION AREA,SUC-CON-T-270,SUCTIONCONNTUBES/S270MINI,510,10,1.96%,Acceptable 🟢,1,Above usual 🔺,0.47%
2026,April,23,MS-26-04749,INJECTION AREA,ZIP-L-PB-28,SELF SEALING PLASTIC BAG W/O PRINTING SIZE:28CM,338,3,0.89%,Acceptable 🟢,1,Below usual 🔻,1.23%
2026,April,23,MS-26-04750,INJECTION AREA,PET-CAP-50,PET CAP FOR 50ML BOTTLE,5420,9,0.17%,Acceptable 🟢,1,Below usual 🔻,0.66%
2026,April,23,MS-26-04751,Pak Form-1,G-052-2002,"URINEBAG2000MLWITHSAMPLINGPORT,",,1.42,,No data,3,No data,0.36%
2026,April,23,MS-26-04752,ZHONGI-4,G-123-0650,SUCTION CATH F/C CH:06 50CM,,1.1400000000000001,,No data,3,No data,0.30%
2026,April,23,MS-26-04753,THERA 650,G-131-0840,MALE NEALTON CATH CH:08-40CM,,1.2000000000000002,,No data,3,No data,
2026,April,23,MS-26-04754,ZHONGYI-4,G-123-0850,SUCTION CATHETER FINGER CONTROL VALVE L-50 CM SZ-08,,1.1400000000000001,,No data,3,No data,0.15%
2026,April,23,MS-26-04755,THERA 650,G-131-0840,MALE NEALTON CATH CH:08-40CM,,1.2000000000000002,,No data,3,No data,
2026,April,23,MS-26-04756,INJECTION AREA,BC-H-CAP,BC BAG HOLDER CAP,13225,26,0.20%,Acceptable 🟢,1,Below usual 🔻,0.36%
2026,April,23,MS-26-04757,INJECTION AREA,3WAY-M-CAP,3WAYMALECAP,62837,60,0.10%,Acceptable 🟢,1,Below usual 🔻,0.16%
2026,April,23,MS-26-04758,INJECTION AREA,IV-BS-2,BLOODSTOPPER-2,53226,26,0.05%,Acceptable 🟢,1,Below usual 🔻,0.06%
2026,April,23,MS-26-04759,INJECTION AREA,F-S-HOLDER,FACESHEILDHOLDER,3514,10,0.28%,Acceptable 🟢,1,Below usual 🔻,0.48%
2026,April,23,MS-26-04760,INJECTION AREA,IV-NP24-K-1,NEEDLEHOLDERW/PG24W/OSMMPNEEDLEHOLDERW/PG24KAHL,36280,30,0.08%,Acceptable 🟢,1,Below usual 🔻,0.10%
2026,April,23,MS-26-04761,INJECTION AREA,YAN-CON-UV,YANKAUERCONNECTORUNIVERSAL,15464,37,0.24%,Acceptable 🟢,1,Above usual 🔺,0.23%
2026,April,23,MS-26-04762,INJECTION AREA,MALE-CON-LL-2,MALE CONNECTOR LUER LOCK NEW,29166,38,0.13%,Acceptable 🟢,1,Below usual 🔻,0.33%
2026,April,23,MS-26-04763,INJECTION AREA,YAN-H-CTV,YANKAUERHANDLECTV,7257,40,0.55%,Acceptable 🟢,1,Below usual 🔻,0.65%
2026,April,23,MS-26-04764,INJECTION AREA,IV-HS-YL,CATHETERHUBG24W/OP,22712,30,0.13%,Acceptable 🟢,1,Below usual 🔻,0.23%
2026,April,23,MS-26-04765,INJECTION AREA,3WAY-KNOB-4,KNOB FOR 3WAY STOPCOCK-4,22378,26,0.12%,Acceptable 🟢,1,Above usual 🔺,0.09%
2026,April,23,MS-26-04766,INJECTION AREA,EP-UNIV,ENDPLUG-2,45095,16,0.04%,Acceptable 🟢,1,Below usual 🔻,0.08%
2026,April,23,MS-26-04767,INJECTION AREA,3WAY-HOU-4,3WAYHOUSING4,14847,15,0.10%,Acceptable 🟢,1,Below usual 🔻,0.34%
2026,April,23,MS-26-04768,INJECTION AREA,FEP-24-R-M,FEPTUBEG-24REEL,18150,150,0.83%,Acceptable 🟢,1,Above usual 🔺,0.75%
2026,April,23,MS-26-04769,NEW KAHLE,BU-070-1432,IV CANNULA WITHOUT PORT 14G NEEDLE LENGTH-32MM,,60.870000000000005,,No data,5,No data,
2026,April,23,MS-26-04770,NELI PACK,G-189-XR25,INJECTOR DUAL SYRINGE 2x200 ML AND COILED LOW PRESSURE CONNECTOR,,0.92,,No data,1,No data,1.03%
2026,April,23,MS-26-04771,COLIMATIC 90-2,G-720-2590,"SPINALNEEDLEPENCILPOINTWITHINTRODUCERNEEDLEG25X3.5""-ORANGE",,1.04,,No data,3,No data,1.50%
2026,April,23,MS-26-04772,COLIMATIC 90-2,G-720-2790,"SPINALNEEDLEPENCILPOINTWITHINTRODUCERNEEDLEG27X3.5""-GREY",,1.04,,No data,3,No data,
2026,April,23,MS-26-04773,PAK FORM- 1,G-093-4000C,LARYNGEAL MASK AIRWAY HYPER CURVE 90 DEGREE ANGLE SIZE- 4.0,,1.2000000000000002,,No data,3,No data,
2026,April,23,MS-26-04774,Huarong#32,3WAY-HOU-4,3WAYHOUSING4,,0.02,,No data,1,No data,0.34%
2026,April,23,MS-26-04775,HUARONG#33,3WAY-HOU-5,3WAY HOUSING-5,,0.02,,No data,1,No data,0.36%
2026,April,23,MS-26-04776,HUARONG#31,EP-UNIV,ENDPLUG-2,,0.15,,No data,2,No data,0.08%
2026,April,23,MS-26-04777,SUPERMASTER#23,IV-HS-YL,CATHETERHUBG24W/OP,,0.04,,No data,1,No data,0.23%
2026,April,23,MS-26-04778,SUPERMASTER,3WAY-KNOB-4,KNOB FOR 3WAY STOPCOCK-4,,0.01,,No data,1,No data,0.09%
2026,April,23,MS-26-04779,SUPERMASTER#19,APC-3-COV-1,Cap Bottom Cover for Applicator (D:2.7cm),,0.02,,No data,1,No data,0.59%
2026,April,23,MS-26-04780,ARBURG#12,IV-NP24-K-1,NEEDLEHOLDERW/PG24W/OSMMPNEEDLEHOLDERW/PG24KAHL,,0.04,,No data,1,No data,0.10%
2026,April,24,MS-26-04781,Huarong#32,3WAY-HOU-4,3WAYHOUSING4,,0.02,,No data,1,No data,0.34%
2026,April,24,MS-26-04782,HUARONG#33,3WAY-HOU-5,3WAY HOUSING-5,,0.02,,No data,1,No data,0.36%
2026,April,24,MS-26-04783,COLIMATIC-90-2,G-017-22LA,MULTIPLE SAMPLE NEEDLE,,1,,No data,1,No data,0.12%
2026,April,24,MS-26-04784,ARBURG #12,IV-NP-24-K1,NEEDLEHOLDERG24W/P,,0.04,,No data,1,No data,
2026,April,24,MS-26-04785,SUPER MASTER #23,IV-HS-YL,CATHETERHUBG24W/OP,,0.05,,No data,1,No data,0.23%
2026,April,24,MS-26-04786,SUPER MASTER #25,3WAY-KNOB-4,KNOB FOR 3WAY STOPCOCK-4,,0.01,,No data,1,No data,0.09%
2026,April,24,MS-26-04787,SUPERMASTER#23,IV-HS-YL,CATHETERHUBG24W/OP,,0.03,,No data,1,No data,0.23%
2026,April,24,MS-26-04788,SUPERMASTER#25,3WAY-KNOB-4,KNOB FOR 3WAY STOPCOCK-4,,0.01,,No data,1,No data,0.09%
2026,April,24,MS-26-04789,SUPERMASTER#19,APC-3-HOU-1,Housing for Applicator (D:1.5 cm),,0.02,,No data,1,No data,0.57%
2026,April,24,MS-26-04790,ARBURG#12,IV-NP24-K-1,NEEDLEHOLDERW/PG24W/OSMMPNEEDLEHOLDERW/PG24KAHL,,0.04,,No data,1,No data,0.10%
2026,April,25,MS-26-04791,Huarong#32,3WAY-HOU-4,3WAYHOUSING4,,0.02,,No data,1,No data,0.34%
2026,April,25,MS-26-04792,HUARONG#33,3WAY-HOU-5,3WAY HOUSING-5,,0.02,,No data,1,No data,0.36%
2026,April,25,MS-26-04793,ARBURG #12,IV-NP-24-K1,NEEDLEHOLDERG24W/P,,0.04,,No data,1,No data,
2026,April,25,MS-26-04794,SUPER MASTER #23,IV-HS-YL,CATHETERHUBG24W/OP,,0.05,,No data,1,No data,0.23%
2026,April,25,MS-26-04795,SUPER MASTER #25,3WAY-KNOB-4,KNOB FOR 3WAY STOPCOCK-4,,0.01,,No data,1,No data,0.09%
2026,April,25,MS-26-04796,colimatic 90-,G-175-1ML,ORAL MEDICATION SYRING 1ML,,1.06,,No data,3,No data,0.37%
2026,April,25,MS-26-04797,PAK FORM-2,G-421-2138,IV INFUSION SET 210CM,,1.1400000000000001,,No data,3,No data,0.07%
2026,April,25,MS-26-04798,ZHONGYI-4,G-112-1050,FEEDING TUBE SIZE 10-50CM,,1.1400000000000001,,No data,3,No data,0.26%
2026,April,25,MS-26-04799,Multivac,G-264-RYGB,CRASH CART PLASTIC SEAL,,4.039999999999999,,No data,3,No data,0.23%
2026,April,25,MS-26-04800,INJECTION  AREA,APC-3-NOZ-1,Nozzle for applicator,2466,5,0.20%,Acceptable 🟢,1,Below usual 🔻,0.50%
2026,April,25,MS-26-04801,INJECTION AREA,APC-3-COV-1,Cap Bottom Cover for Applicator (D:2.7cm),2625,10,0.38%,Acceptable 🟢,1,Below usual 🔻,0.59%
2026,April,25,MS-26-04802,SUPERMASTER#23,IV-HS-YL,CATHETERHUBG24W/OP,,0.03,,No data,1,No data,0.23%
2026,April,25,MS-26-04803,SUPERMASTER#25,3WAY-KNOB-4,KNOB FOR 3WAY STOPCOCK-4,,0.01,,No data,1,No data,0.09%
2026,April,25,MS-26-04804,ARBURG#12,IV-NP24-K-1,NEEDLEHOLDERW/PG24W/OSMMPNEEDLEHOLDERW/PG24KAHL,,0.04,,No data,1,No data,0.10%
2026,April,26,MS-26-04805,ARBURG #12,IV-NP-24-K1,NEEDLEHOLDERG24W/P,,0.04,,No data,1,No data,
2026,April,26,MS-26-04806,SUPER MASTER #23,IV-HS-YL,CATHETERHUBG24W/OP,,0.05,,No data,1,No data,0.23%
2026,April,26,MS-26-04807,Super Master#25,3WAY-KNOB-4,KNOB FOR 3WAY STOPCOCK-4,,0.01,,No data,1,No data,0.09%
2026,April,26,MS-26-04808,Huarong#32,3WAY-HOU-4,3WAYHOUSING4,,0.02,,No data,1,No data,0.34%
2026,April,26,MS-26-04809,HUARONG333,3WAY-HOU-5,3WAY HOUSING-5,,0.02,,No data,1,No data,0.36%
2026,April,26,MS-26-04810,INJECTION AREA,APC-3-CAP-1,Cap Top Housing for Applicator (D:1.5 cm),2833,15,0.53%,Acceptable 🟢,1,Below usual 🔻,0.55%
2026,April,26,MS-26-04811,INJECTION AREA,APC-3-PTC-1,Protector for Applicator (D:3.5 cm),2612,10,0.38%,Acceptable 🟢,1,Below usual 🔻,0.49%
2026,April,26,MS-26-04812,INJECTION AREA,APC-3-HOU-1,Housing for Applicator (D:1.5 cm),3548,9,0.25%,Acceptable 🟢,1,Below usual 🔻,0.57%
2026,April,26,MS-26-04814,INJECTION AREA,PET-CAP-50,PET CAP FOR 50ML BOTTLE,15028,30,0.20%,Acceptable 🟢,1,Below usual 🔻,0.66%
2026,April,26,MS-26-04815,INJECTION AREA,BOT-GEL-1000,GEL BOTTLE  1000 ML W/O NECK,955,5,0.52%,Acceptable 🟢,1,Below usual 🔻,1.56%
2026,April,26,MS-26-04816,INJECTION AREA,SUC-CON-T-180,SUCTIONCONNTUBES/S180CM.,4611,11,0.24%,Acceptable 🟢,1,Below usual 🔻,0.68%
2026,April,26,MS-26-04817,INJECTION AREA,SUC-CON-T-270,SUCTIONCONNTUBES/S270MINI,2818,18,0.64%,Acceptable 🟢,1,Above usual 🔺,0.47%
2026,April,26,MS-26-04818,INJECTION AREA,SUC-CON-T-180,SUCTIONCONNTUBES/S180CM.,4420,20,0.45%,Acceptable 🟢,1,Below usual 🔻,0.68%
2026,April,26,MS-26-04819,INJECTION AREA,BBT-7MM-5MTR,BABBLESTUBEID=7MMTL=5MT,150,30,20.00%,High reject 🔴,1,Above usual 🔺,2.35%
2026,April,26,MS-26-04820,INJECTION AREA,ZIP-L-PB-28,SELF SEALING PLASTIC BAG W/O PRINTING SIZE:28CM,307,2,0.65%,Acceptable 🟢,1,Below usual 🔻,1.23%
2026,April,26,MS-26-04821,INJECTION AREA,PVC-66CZV1NA-M,PVCCOMP-MXMED-66CZV1NAM,1965,15,0.76%,Acceptable 🟢,1,Above usual 🔺,0.45%
2026,April,26,MS-26-04822,WELDING MACHINE,G-304-0650B,SODIUM BICARBONATE FOR FRESENIUS 5008 HAEMODIALYSIS SYSTEM SZ: 650 GRAM,,24.06,,No data,9,No data,1.05%
2026,April,26,MS-26-04823,INJECTION AREA,APC-3-HOU-1,Housing for Applicator (D:1.5 cm),2588,21,0.81%,Acceptable 🟢,1,Above usual 🔺,0.57%
2026,April,26,MS-26-04824,INJECTION AREA,UM-1000ML,URINALMALEBOTTLE1000ML,2243,13,0.58%,Acceptable 🟢,1,Above usual 🔺,0.43%
2026,April,26,MS-26-04825,INJECTION AREA,SUC-CON-T-180,SUCTIONCONNTUBES/S180CM.,3828,28,0.73%,Acceptable 🟢,1,Above usual 🔺,0.68%
2026,April,26,MS-26-04826,INJECTION AREA,SUC-CON-T-270,SUCTIONCONNTUBES/S270MINI,3615,15,0.41%,Acceptable 🟢,1,Below usual 🔻,0.47%
2026,April,26,MS-26-04827,INJECTION AREA,SUC-CON-T-180,SUCTIONCONNTUBES/S180CM.,4513,13,0.29%,Acceptable 🟢,1,Below usual 🔻,0.68%
2026,April,26,MS-26-04828,INJECTION AREA,FEM-CON-EXT,FEM.CONECTORFOREXTENTONTUBE,415,10,2.41%,Acceptable 🟢,1,Above usual 🔺,2.24%
2026,April,26,MS-26-04829,INJECTION AREA,BR-EXT-N-180,Breathing Extendable Tube L-180cm Neonate,51,1,1.96%,Acceptable 🟢,1,Above usual 🔺,1.23%
2026,April,26,MS-26-04830,SUPER MASTER,3WAY-KNOB-4,KNOB FOR 3WAY STOPCOCK-4,,0.01,,No data,2,No data,0.09%
2026,April,26,MS-26-04831,INJECTION AREA,BIO-SP-B-24,BIOHAZARD SPECIMEN TRANSPORT BAG 24 CM,893,13,1.46%,Acceptable 🟢,1,Below usual 🔻,1.56%
2026,April,26,MS-26-04832,INJECTION AREA,P-FLM-18,POCKET FILM 18 CM,487,5,1.03%,Acceptable 🟢,1,Below usual 🔻,1.61%
2026,April,26,MS-26-04833,Huarong#32,3WAY-HOU-4,3WAYHOUSING4,,0,,No data,1,No data,0.34%
2026,April,26,MS-26-04834,INJECTION AREA,P-FLM-7,POKETFILM7CM,188,5,2.66%,Acceptable 🟢,1,Above usual 🔺,1.85%
2026,April,26,MS-26-04835,INJECTION AREA,POLY-FLM-12,POLY FILM L-12CM,67,2,2.99%,Acceptable 🟢,1,Above usual 🔺,2.89%
2026,April,26,MS-26-04836,HUARONG#33,3WAY-HOU-5,3WAY HOUSING-5,,0.02,,No data,1,No data,0.36%
2026,April,26,MS-26-04837,INJECTION AREA,PET-CAP-50,PET CAP FOR 50ML BOTTLE,11742,10,0.09%,Acceptable 🟢,1,Below usual 🔻,0.66%
2026,April,26,MS-26-04838,INJECTION AREA,SUC-CON-T-180,SUCTIONCONNTUBES/S180CM.,4106,106,2.58%,Acceptable 🟢,1,Above usual 🔺,0.68%
2026,April,26,MS-26-04839,INJECTION AREA,HP-C-T1733120,CONNECTING TUBE L-120 CM FOR HIGH PRESSURE,6525,25,0.38%,Acceptable 🟢,1,Above usual 🔺,0.29%
2026,April,26,MS-26-04840,HUARONG#31,EP-UNIV,ENDPLUG-2,,0.01,,No data,3,No data,0.08%
2026,April,26,MS-26-04841,NEW KAHLE,BU-070-1432,IV CANNULA WITHOUT PORT 14G NEEDLE LENGTH-32MM,,28.41,,No data,5,No data,
2026,April,26,MS-26-04842,ZHONGYI-4,G-123-1650,SUCTION CATH F/C CH:16 L-50CM,,2.16,,No data,6,No data,0.25%
2026,April,26,MS-26-04843,INJECTION AREA,BC-H-CAP,BC BAG HOLDER CAP,12967,35,0.27%,Acceptable 🟢,1,Below usual 🔻,0.36%
2026,April,26,MS-26-04844,INJECTION AREA,3WAY-M-CAP,3WAYMALECAP,61714,48,0.08%,Acceptable 🟢,1,Below usual 🔻,0.16%
2026,April,26,MS-26-04845,INJECTION AREA,IV-BS-2,BLOODSTOPPER-2,6010,10,0.17%,Acceptable 🟢,1,Above usual 🔺,0.06%
2026,April,26,MS-26-04846,Thera-650,G-401-0010,3WAYSTOPCOCKWITH10CMTUBE-STERILE,,1.08,,No data,5,No data,0.40%
2026,April,26,MS-26-04847,INJECTION AREA,F-S-HOLDER,FACESHEILDHOLDER,3206,26,0.81%,Acceptable 🟢,1,Above usual 🔺,0.48%
2026,April,26,MS-26-04848,INJECTION AREA,IV-NP24-K-1,NEEDLEHOLDERW/PG24W/OSMMPNEEDLEHOLDERW/PG24KAHL,34520,20,0.06%,Acceptable 🟢,1,Below usual 🔻,0.10%
2026,April,26,MS-26-04849,INJECTION AREA,YAN-CON-UV,YANKAUERCONNECTORUNIVERSAL,16632,26,0.16%,Acceptable 🟢,1,Below usual 🔻,0.23%
2026,April,26,MS-26-04850,INJECTION AREA,MALE-CON-LL-2,MALE CONNECTOR LUER LOCK NEW,27745,65,0.23%,Acceptable 🟢,1,Below usual 🔻,0.33%
2026,April,26,MS-26-04851,INJECTION AREA,FEM-CON-EXT,FEM.CONECTORFOREXTENTONTUBE,7567,405,5.35%,High reject 🔴,1,Above usual 🔺,2.24%
2026,April,26,MS-26-04852,INJECTION AREA,YAN-H-CTV,YANKAUERHANDLECTV,1399,20,1.43%,Acceptable 🟢,1,Above usual 🔺,0.65%
2026,April,26,MS-26-04853,INJECTION AREA,YAN-H-CTV,YANKAUERHANDLECTV,6115,35,0.57%,Acceptable 🟢,1,Below usual 🔻,0.65%
2026,April,26,MS-26-04854,INJECTION AREA,IV-HS-YL,CATHETERHUBG24W/OP,23685,28,0.12%,Acceptable 🟢,1,Below usual 🔻,0.23%
2026,April,26,MS-26-04855,INJECTION AREA,3WAY-KNOB-4,KNOB FOR 3WAY STOPCOCK-4,21361,38,0.18%,Acceptable 🟢,1,Above usual 🔺,0.09%
2026,April,26,MS-26-04856,INJECTION AREA,EP-UNIV,ENDPLUG-2,45382,17,0.04%,Acceptable 🟢,1,Below usual 🔻,0.08%
2026,April,26,MS-26-04857,INJECTION AREA,3WAY-HOU-4,3WAYHOUSING4,14614,31,0.21%,Acceptable 🟢,1,Below usual 🔻,0.34%
2026,April,26,MS-26-04858,INJECTION AREA,3WAY-HOU-5,3WAY HOUSING-5,14351,18,0.13%,Acceptable 🟢,1,Below usual 🔻,0.36%
2026,April,26,MS-26-04859,INJECTION AREA,BC-H-CAP,BC BAG HOLDER CAP,12963,30,0.23%,Acceptable 🟢,1,Below usual 🔻,0.36%
2026,April,26,MS-26-04860,INJECTION AREA,3WAY-M-CAP,3WAYMALECAP,61700,35,0.06%,Acceptable 🟢,1,Below usual 🔻,0.16%
2026,April,26,MS-26-04861,INJECTION AREA,F-S-HOLDER,FACESHEILDHOLDER,2363,17,0.72%,Acceptable 🟢,1,Above usual 🔺,0.48%
2026,April,26,MS-26-04862,INJECTION AREA,IV-NP24-K-1,NEEDLEHOLDERW/PG24W/OSMMPNEEDLEHOLDERW/PG24KAHL,34786,36,0.10%,Acceptable 🟢,1,Above usual 🔺,0.10%
2026,April,26,MS-26-04863,INJECTION AREA,YAN-CON-UV,YANKAUERCONNECTORUNIVERSAL,16282,35,0.21%,Acceptable 🟢,1,Below usual 🔻,0.23%
2026,April,26,MS-26-04864,INJECTION AREA,MALE-CON-LL-2,MALE CONNECTOR LUER LOCK NEW,29158,70,0.24%,Acceptable 🟢,1,Below usual 🔻,0.33%
2026,April,26,MS-26-04865,INJECTION AREA,YAN-H-CTV,YANKAUERHANDLECTV,2200,20,0.91%,Acceptable 🟢,1,Above usual 🔺,0.65%
2026,April,26,MS-26-04866,INJECTION AREA,IV-HS-YL,CATHETERHUBG24W/OP,23926,24,0.10%,Acceptable 🟢,1,Below usual 🔻,0.23%
2026,April,26,MS-26-04867,INJECTION AREA,3WAY-KNOB-4,KNOB FOR 3WAY STOPCOCK-4,25184,38,0.15%,Acceptable 🟢,1,Above usual 🔺,0.09%
2026,April,26,MS-26-04868,INJECTION AREA,EP-UNIV,ENDPLUG-2,44889,33,0.07%,Acceptable 🟢,1,Below usual 🔻,0.08%
2026,April,26,MS-26-04869,INJECTION AREA,3WAY-HOU-4,3WAYHOUSING4,13694,29,0.21%,Acceptable 🟢,1,Below usual 🔻,0.34%
2026,April,26,MS-26-04870,INJECTION AREA,3WAY-HOU-5,3WAY HOUSING-5,14535,36,0.25%,Acceptable 🟢,1,Below usual 🔻,0.36%
2026,April,26,MS-26-04871,INJECTION AREA,BC-H-CAP,BC BAG HOLDER CAP,12958,25,0.19%,Acceptable 🟢,1,Below usual 🔻,0.36%
2026,April,26,MS-26-04872,INJECTION AREA,3WAY-M-CAP,3WAYMALECAP,60029,30,0.05%,Acceptable 🟢,1,Below usual 🔻,0.16%
2026,April,26,MS-26-04873,INJECTION AREA,GU-ADVANCER,GUIDEWIREADVANCER,1156,46,3.98%,Acceptable 🟢,1,Above usual 🔺,1.78%
2026,April,26,MS-26-04874,INJECTION AREA,GU-CAP,GUIDEWIRECAP,1231,31,2.52%,Acceptable 🟢,1,Above usual 🔺,1.31%
2026,April,26,MS-26-04875,INJECTION AREA,F-S-HOLDER,FACESHEILDHOLDER,3972,12,0.30%,Acceptable 🟢,1,Below usual 🔻,0.48%
2026,April,26,MS-26-04876,INJECTION AREA,UM-CAP,URINALMALECOVERCAP,1190,10,0.84%,Acceptable 🟢,1,Above usual 🔺,0.49%
2026,April,26,MS-26-04877,INJECTION AREA,IV-NP24-K-1,NEEDLEHOLDERW/PG24W/OSMMPNEEDLEHOLDERW/PG24KAHL,34280,30,0.09%,Acceptable 🟢,1,Below usual 🔻,0.10%
2026,April,26,MS-26-04878,INJECTION AREA,YAN-CON-UV,YANKAUERCONNECTORUNIVERSAL,16321,37,0.23%,Acceptable 🟢,1,Above usual 🔺,0.23%
2026,April,26,MS-26-04879,INJECTION AREA,MALE-CON-LL-2,MALE CONNECTOR LUER LOCK NEW,31084,70,0.23%,Acceptable 🟢,1,Below usual 🔻,0.33%
2026,April,26,MS-26-04880,INJECTION AREA,BB-HOLDER,HOLDERFORBCBAG,69,2,2.90%,Acceptable 🟢,1,Above usual 🔺,0.48%
2026,April,26,MS-26-04881,INJECTION AREA,YAN-H-CTV,YANKAUERHANDLECTV,4214,30,0.71%,Acceptable 🟢,1,Above usual 🔺,0.65%
2026,April,26,MS-26-04882,INJECTION AREA,IV-HS-YL,CATHETERHUBG24W/OP,22964,38,0.17%,Acceptable 🟢,1,Below usual 🔻,0.23%
2026,April,26,MS-26-04883,INJECTION AREA,3WAY-KNOB-4,KNOB FOR 3WAY STOPCOCK-4,25604,16,0.06%,Acceptable 🟢,1,Below usual 🔻,0.09%
2026,April,26,MS-26-04884,INJECTION AREA,3WAY-HOU-4,3WAYHOUSING4,14686,20,0.14%,Acceptable 🟢,1,Below usual 🔻,0.34%
2026,April,26,MS-26-04885,INJECTION AREA,3WAY-HOU-5,3WAY HOUSING-5,14530,30,0.21%,Acceptable 🟢,1,Below usual 🔻,0.36%
2026,April,26,MS-26-04886,INJECTION AREA,FEP-24-R-M,FEPTUBEG-24REEL,12100,100,0.83%,Acceptable 🟢,1,Above usual 🔺,0.75%
2026,April,26,MS-26-04887,INJECTION AREA,EP-UNIV,ENDPLUG-2,45695,18,0.04%,Acceptable 🟢,1,Below usual 🔻,0.08%
2026,April,26,MS-26-04888,SUPERMASTER#23,IV-HS-YL,CATHETERHUBG24W/OP,,0.03,,No data,1,No data,0.23%
2026,April,26,MS-26-04889,SUPERMASTER#25,3WAY-KNOB-4,KNOB FOR 3WAY STOPCOCK-4,,0.01,,No data,1,No data,0.09%
2026,April,26,MS-26-04890,ARBURG#12,IV-NP24-K-1,NEEDLEHOLDERW/PG24W/OSMMPNEEDLEHOLDERW/PG24KAHL,,0.04,,No data,1,No data,0.10%
2026,April,27,MS-26-04891,ARBURG#12,IV-NP-24-K1,NEEDLEHOLDERG24W/P,,0.04,,No data,1,No data,
2026,April,27,MS-26-04892,SUPER MASTER #23,IV-HS-YL,CATHETERHUBG24W/OP,,0.05,,No data,1,No data,0.23%
2026,April,27,MS-26-04893,Super Master#25,3WAY-KNOB-4,KNOB FOR 3WAY STOPCOCK-4,,0.01,,No data,1,No data,0.09%
2026,April,27,MS-26-04894,Multivac,G-030-0000,UMBILICAL CORD CLAMP (BEIGE COLOR),,1.06,,No data,3,No data,0.19%
2026,April,27,MS-26-04895,Huarong#32,3WAY-HOU-4,3WAYHOUSING4,,0.02,,No data,1,No data,0.34%
2026,April,27,MS-26-04896,HUARONG#33,3WAY-HOU-5,3WAY HOUSING-5,,0.02,,No data,1,No data,0.36%
2026,April,23,MS-26-04899,ASSEMBLY AREA,G-711-2102,"Face Shield , without sponge Hard Frame type Nose Mouth & Eyes Covered",13200,7700,58.33%,High reject 🔴,1,Above usual 🔺,5.97%
2026,April,27,MS-26-04900,JASU,PET-240ML,PET PLASTIC BOTTLE 240 ML WHITE,15355,55,0.36%,Acceptable 🟢,1,Below usual 🔻,0.79%
2026,April,22,MS-26-04901,ASSEMBLY AREA,G-711-34401,PURITY SURGICAL FACE MASKS WITH TIE KNOT,7500,0.49,0.00%,Acceptable 🟢,4,Below usual 🔻,0.33%
2026,April,22,MS-26-04902,ASSEMBLY AREA,G-401-0010,3WAYSTOPCOCKWITH10CMTUBE-STERILE,13100,237,0.60%,Acceptable 🟢,3,Above usual 🔺,0.40%
2026,April,22,MS-26-04903,ASSEMBLY AREA,G-711-2102,"Face Shield , without sponge Hard Frame type Nose Mouth & Eyes Covered",9380,111,1.18%,Acceptable 🟢,1,Below usual 🔻,5.97%
2026,April,19,MS-26-04905, PAKAING AREA,G-534-1000,TRACHEOSTOMYMASK-ADULT,1270,1.78,0.07%,Acceptable 🟢,2,Below usual 🔻,0.24%
2026,April,19,MS-26-04906, PAKAING AREA,G-571-2800,THORACICCATHETERSTRAIGHT SIZE # 28,529,2,0.19%,Acceptable 🟢,2,At usual ✅,0.19%
2026,April,19,MS-26-04907, PAKAING AREA,G-571-3200,THORACICCATHETERSTRAIGHT SIZE # 32,1010,4,0.20%,Acceptable 🟢,2,Below usual 🔻,0.42%
2026,April,19,MS-26-04908, PAKAING AREA,G-506-1640,ETT WITH SUBGLOTIC SUCTION PORT ORAL/NASAL ( CUFFED ),1020,2.5,0.25%,Acceptable 🟢,1,At usual ✅,0.25%
2026,April,27,MS-26-04909,INJECTION AREA,UM-1000ML,URINALMALEBOTTLE1000ML,2311,11,0.48%,Acceptable 🟢,1,Above usual 🔺,0.43%
2026,April,27,MS-26-04910,INJECTION AREA,SUC-CON-T-270,SUCTIONCONNTUBES/S270MINI,2716,16,0.59%,Acceptable 🟢,1,Above usual 🔺,0.47%
2026,April,27,MS-26-04911,INJECTION AREA,SUC-CON-T-180,SUCTIONCONNTUBES/S180CM.,2309,9,0.39%,Acceptable 🟢,1,Below usual 🔻,0.68%
2026,April,27,MS-26-04912,INJECTION AREA,BC-H-CAP,BC BAG HOLDER CAP,13086,20,0.15%,Acceptable 🟢,1,Below usual 🔻,0.36%
2026,April,27,MS-26-04913,INJECTION AREA,3WAY-M-CAP,3WAYMALECAP,63358,26,0.04%,Acceptable 🟢,1,Below usual 🔻,0.16%
2026,April,27,MS-26-04914,INJECTION AREA,GU-ADVANCER,GUIDEWIREADVANCER,1237,15,1.21%,Acceptable 🟢,1,Below usual 🔻,1.78%
2026,April,27,MS-26-04915,INJECTION AREA,GU-CAP,GUIDEWIRECAP,1010,10,0.99%,Acceptable 🟢,1,Below usual 🔻,1.31%
2026,April,27,MS-26-04916,INJECTION AREA,F-S-HOLDER,FACESHEILDHOLDER,4010,10,0.25%,Acceptable 🟢,1,Below usual 🔻,0.48%
2026,April,27,MS-26-04917,INJECTION AREA,UM-CAP,URINALMALECOVERCAP,1283,5,0.39%,Acceptable 🟢,1,Below usual 🔻,0.49%
2026,April,27,MS-26-04918,INJECTION AREA,IV-NP24-K-1,NEEDLEHOLDERW/PG24W/OSMMPNEEDLEHOLDERW/PG24KAHL,34522,22,0.06%,Acceptable 🟢,1,Below usual 🔻,0.10%
2026,April,27,MS-26-04919,INJECTION AREA,YAN-CON-UV,YANKAUERCONNECTORUNIVERSAL,14845,60,0.40%,Acceptable 🟢,1,Above usual 🔺,0.23%
2026,April,27,MS-26-04920,INJECTION AREA,MALE-CON-LL-2,MALE CONNECTOR LUER LOCK NEW,30752,28,0.09%,Acceptable 🟢,1,Below usual 🔻,0.33%
2026,April,27,MS-26-04921,INJECTION AREA,BB-HOLDER,HOLDERFORBCBAG,1118,10,0.89%,Acceptable 🟢,1,Above usual 🔺,0.48%
2026,April,27,MS-26-04922,INJECTION AREA,YAN-H-CTV,YANKAUERHANDLECTV,4907,20,0.41%,Acceptable 🟢,1,Below usual 🔻,0.65%
2026,April,27,MS-26-04923,INJECTION AREA,IV-HS-YL,CATHETERHUBG24W/OP,24181,35,0.14%,Acceptable 🟢,1,Below usual 🔻,0.23%
2026,April,27,MS-26-04924,INJECTION AREA,3WAY-KNOB-4,KNOB FOR 3WAY STOPCOCK-4,26343,20,0.08%,Acceptable 🟢,1,Below usual 🔻,0.09%
2026,April,27,MS-26-04925,INJECTION AREA,EP-UNIV,ENDPLUG-2,45387,13,0.03%,Acceptable 🟢,1,Below usual 🔻,0.08%
2026,April,27,MS-26-04926,INJECTION AREA,3WAY-HOU-4,3WAYHOUSING4,14420,4,0.03%,Acceptable 🟢,1,Below usual 🔻,0.34%
2026,April,27,MS-26-04927,INJECTION AREA,3WAY-HOU-5,3WAY HOUSING-5,14617,35,0.24%,Acceptable 🟢,1,Below usual 🔻,0.36%
2026,April,27,MS-26-04928,INJECTION AREA,PET-CAP-50,PET CAP FOR 50ML BOTTLE,16694,19,0.11%,Acceptable 🟢,1,Below usual 🔻,0.66%
2026,April,27,MS-26-04929,INJECTION AREA,FEM-CON-EXT,FEM.CONECTORFOREXTENTONTUBE,29077,295,1.01%,Acceptable 🟢,1,Below usual 🔻,2.24%
2026,April,27,MS-26-04930,INJECTION AREA,HP-C-T1733120,CONNECTING TUBE L-120 CM FOR HIGH PRESSURE,8012,12,0.15%,Acceptable 🟢,1,Below usual 🔻,0.29%
2026,April,27,MS-26-04931,INJECTION AREA,EXT-TUBE-15,EXTENSION TUBE L-15 CM,10070,70,0.70%,Acceptable 🟢,1,Above usual 🔺,0.45%
2026,April,27,MS-26-04932,INJECTION AREA,PVC-66CZV1NA-M,PVCCOMP-MXMED-66CZV1NAM,1960,10,0.51%,Acceptable 🟢,1,Above usual 🔺,0.45%
2026,April,27,MS-26-04933,WELDING MACHINE,G-304-0650B,SODIUM BICARBONATE FOR FRESENIUS 5008 HAEMODIALYSIS SYSTEM SZ: 650 GRAM,,24.06,,No data,9,No data,1.05%
2026,April,27,MS-26-04934,Huarong#32,3WAY-HOU-4,3WAYHOUSING4,,0.02,,No data,1,No data,0.34%
2026,April,27,MS-26-04935,HUARON#33,3WAY-HOU-5,3WAY HOUSING-5,,0.02,,No data,1,No data,0.36%
2026,April,26,MS-26-04936,ASSEMBLT AREA,G-711-2102,"Face Shield , without sponge Hard Frame type Nose Mouth & Eyes Covered",16580,12000,72.38%,High reject 🔴,1,Above usual 🔺,5.97%
2026,April,27,MS-26-04937,SUPERMASTER#,IV-HS-YL,CATHETERHUBG24W/OP,,0.03,,No data,1,No data,0.23%
2026,April,27,MS-26-04938,SUPERMASTER#25,3WAY-KNOB-4,KNOB FOR 3WAY STOPCOCK-4,,0.01,,No data,1,No data,0.09%
2026,April,27,MS-26-04939,ARBURG#12,IV-NP24-K-1,NEEDLEHOLDERW/PG24W/OSMMPNEEDLEHOLDERW/PG24KAHL,,0.04,,No data,1,No data,0.10%
2026,April,27,MS-26-04940,huarong 32,3WAY-HOU-4,3WAYHOUSING4,,0.02,,No data,1,No data,0.34%
2026,April,27,MS-26-04941,huarong 33,3WAY-HOU-5,3WAY HOUSING-5,,0.02,,No data,1,No data,0.36%
2026,April,28,MS-26-04942,Huarong#32,3WAY-HOU-4,3WAYHOUSING4,,0.02,,No data,1,No data,0.34%
2026,April,28,MS-26-04943,HUARONG#33,3WAY-HOU-5,3WAY HOUSING-5,,0.02,,No data,1,No data,0.36%
2026,April,28,MS-26-04944,ARBURG#12,IV-NP-24-K1,NEEDLEHOLDERG24W/P,,0.04,,No data,1,No data,
2026,April,28,MS-26-04945,SUPER MASTER#23,IV-HS-YL,CATHETERHUBG24W/OP,,0.05,,No data,1,No data,0.23%
2026,April,28,MS-26-04946,SUPER MASTER #25,3WAY-KNOB-4,KNOB FOR 3WAY STOPCOCK-4,,0.01,,No data,1,No data,0.09%
2026,April,28,MS-26-04947,JASU,PET-240ML,PET PLASTIC BOTTLE 240 ML WHITE,25079,79,0.32%,Acceptable 🟢,1,Below usual 🔻,0.79%
2026,April,23,MS-26-04948,ASSEMBLY AREA,G-304-0650B,SODIUM BICARBONATE FOR FRESENIUS 5008 HAEMODIALYSIS SYSTEM SZ: 650 GRAM,2100,51.9,0.36%,Acceptable 🟢,7,Below usual 🔻,1.05%
2026,April,25,MS-26-04949,ASSEMBLY AREA,G-304-0650B,SODIUM BICARBONATE FOR FRESENIUS 5008 HAEMODIALYSIS SYSTEM SZ: 650 GRAM,3264,84.61,0.37%,Acceptable 🟢,7,Below usual 🔻,1.05%
2026,April,28,MS-26-04950,INJECTION AREA,PVC-66CZV1NA-M,PVCCOMP-MXMED-66CZV1NAM,1960,10,0.51%,Acceptable 🟢,1,Above usual 🔺,0.45%
2026,April,28,MS-26-04951,ZHONGYI-4,G-112-1050,FEEDING TUBE SIZE 10-50CM,,1.1400000000000001,,No data,3,No data,0.26%
2026,April,28,MS-26-04952,INJECTION AREA,BC-H-CAP,BC BAG HOLDER CAP,5363,30,0.56%,Acceptable 🟢,1,Above usual 🔺,0.36%
2026,April,28,MS-26-04953,INJECTION AREA,3WAY-M-CAP,3WAYMALECAP,61703,37,0.06%,Acceptable 🟢,1,Below usual 🔻,0.16%
2026,April,28,MS-26-04954,INJECTION AREA,GU-ADVANCER,GUIDEWIREADVANCER,2075,20,0.96%,Acceptable 🟢,1,Below usual 🔻,1.78%
2026,April,28,MS-26-04955,INJECTION AREA,GU-CAP,GUIDEWIRECAP,1615,15,0.93%,Acceptable 🟢,1,Below usual 🔻,1.31%
2026,April,28,MS-26-04956,INJECTION AREA,F-S-HOLDER,FACESHEILDHOLDER,3970,16,0.40%,Acceptable 🟢,1,Below usual 🔻,0.48%
2026,April,28,MS-26-04957,INJECTION AREA,UM-CAP,URINALMALECOVERCAP,2892,20,0.69%,Acceptable 🟢,1,Above usual 🔺,0.49%
2026,April,28,MS-26-04958,INJECTION AREA,IV-NP24-K-1,NEEDLEHOLDERW/PG24W/OSMMPNEEDLEHOLDERW/PG24KAHL,36026,26,0.07%,Acceptable 🟢,1,Below usual 🔻,0.10%
2026,April,28,MS-26-04959,INJECTION AREA,YAN-CON-UV,YANKAUERCONNECTORUNIVERSAL,16875,20,0.12%,Acceptable 🟢,1,Below usual 🔻,0.23%
2026,April,28,MS-26-04960,INJECTION AREA,MALE-CON-LL-2,MALE CONNECTOR LUER LOCK NEW,30179,35,0.12%,Acceptable 🟢,1,Below usual 🔻,0.33%
2026,April,28,MS-26-04961,INJECTION AREA,BB-HOLDER,HOLDERFORBCBAG,1288,12,0.93%,Acceptable 🟢,1,Above usual 🔺,0.48%
2026,April,28,MS-26-04962,INJECTION AREA,IV-HS-YL,CATHETERHUBG24W/OP,23688,30,0.13%,Acceptable 🟢,1,Below usual 🔻,0.23%
2026,April,28,MS-26-04963,INJECTION AREA,YAN-H-CTV,YANKAUERHANDLECTV,2971,20,0.67%,Acceptable 🟢,1,Above usual 🔺,0.65%
2026,April,28,MS-26-04964,INJECTION AREA,YAN-H-CTV,YANKAUERHANDLECTV,1824,11,0.60%,Acceptable 🟢,1,Below usual 🔻,0.65%
2026,April,28,MS-26-04965,INJECTION AREA,3WAY-KNOB-4,KNOB FOR 3WAY STOPCOCK-4,26359,36,0.14%,Acceptable 🟢,1,Above usual 🔺,0.09%
2026,April,28,MS-26-04966,INJECTION AREA,EP-UNIV,ENDPLUG-2,43345,30,0.07%,Acceptable 🟢,1,Below usual 🔻,0.08%
2026,April,22,MS-26-04967,ASSEMBLY AREA,G-214-15BP,SMALL BORE Y EXTENSION SET WITH TWO,450,17,1.89%,Acceptable 🟢,2,At usual ✅,1.89%
2026,April,28,MS-26-04968,INJECTION AREA,3WAY-HOU-4,3WAYHOUSING4,14688,22,0.15%,Acceptable 🟢,1,Below usual 🔻,0.34%
2026,April,22,MS-26-04969,ASSEMBLY AREA,G-580-0100,CORRUGATEDTUBELENGTH40INCH-100CM-STERILE,400,4,1.00%,Acceptable 🟢,1,Above usual 🔺,0.91%
2026,April,25,MS-26-04970,ASSEMBLY AREA,G-711-2102,"Face Shield , without sponge Hard Frame type Nose Mouth & Eyes Covered",2700,27,1.00%,Acceptable 🟢,1,Below usual 🔻,5.97%
2026,April,25,MS-26-04971,PACKIAGING AREA,G-112-1050,FEEDING TUBE SIZE 10-50CM,2094,16,0.26%,Acceptable 🟢,3,At usual ✅,0.26%
2026,April,23,MS-26-04972,PACKIAGING AREA,G-123-0650,SUCTION CATH F/C CH:06 50CM,597,7,0.39%,Acceptable 🟢,3,Above usual 🔺,0.30%
2026,April,23,MS-26-04973,PACKIAGING AREA,G-123-0850,SUCTION CATHETER FINGER CONTROL VALVE L-50 CM SZ-08,10000,28,0.09%,Acceptable 🟢,3,Below usual 🔻,0.15%
2026,April,22,MS-26-04974,PACKIAGING AREA,G-120-1440,SUCTION CATH F/C CH14 L.40CM,6000,3,0.03%,Acceptable 🟢,2,Below usual 🔻,0.05%
2026,April,28,MS-26-04975,NEW KAHLE,BU-070-1432,IV CANNULA WITHOUT PORT 14G NEEDLE LENGTH-32MM,,28.41,,No data,5,No data,
2026,April,28,MS-26-04976,Huarong#32,3WAY-HOU-4,3WAYHOUSING4,,0.02,,No data,1,No data,0.34%
2026,April,28,MS-26-04977,HUARONG#33,3WAY-100CM,3WAY STOPCOCK-100CM,,0.02,,No data,1,No data,
2026,April,28,MS-26-04978,HUARONG#31,EP-UNIV,ENDPLUG-2,,0.04,,No data,3,No data,0.08%
2026,April,28,MS-26-04979,SAJU#3,PET-240ML,PET PLASTIC BOTTLE 240 ML WHITE,,0.64,,No data,2,No data,0.79%
2026,April,28,MS-26-04980,INJECTION AREA,SUC-CON-T-210,SUCTIONCONNECTINGTUBE210CM,3805,5,0.13%,Acceptable 🟢,1,Below usual 🔻,0.51%
2026,April,28,MS-26-04981,INJECTION AREA,SUC-CON-T-180,SUCTIONCONNTUBES/S180CM.,4110,10,0.24%,Acceptable 🟢,1,Below usual 🔻,0.68%
2026,April,28,MS-26-04982,INJECTION AREA,SUC-CON-T-270,SUCTIONCONNTUBES/S270MINI,402,2,0.50%,Acceptable 🟢,1,Above usual 🔺,0.47%
2026,April,28,MS-26-04983,INJECTION AREA,SUC-CON-T-180,SUCTIONCONNTUBES/S180CM.,4015,15,0.37%,Acceptable 🟢,1,Below usual 🔻,0.68%
2026,April,28,MS-26-04984,INJECTION AREA,FEM-CON-EXT,FEM.CONECTORFOREXTENTONTUBE,44808,80,0.18%,Acceptable 🟢,1,Below usual 🔻,2.24%
2026,April,28,MS-26-04985,INJECTION AREA,SUC-CON-T-180,SUCTIONCONNTUBES/S180CM.,4011,11,0.27%,Acceptable 🟢,1,Below usual 🔻,0.68%
2026,April,28,MS-26-04986,INJECTION AREA,SUC-CON-T-180,SUCTIONCONNTUBES/S180CM.,3545,45,1.27%,Acceptable 🟢,1,Above usual 🔺,0.68%
2026,April,28,MS-26-04987,INJECTION AREA,HP-C-T1733120,CONNECTING TUBE L-120 CM FOR HIGH PRESSURE,8015,15,0.19%,Acceptable 🟢,1,Below usual 🔻,0.29%
2026,April,28,MS-26-04988,INJECTION AREA,SUC-CON-T-210,SUCTIONCONNECTINGTUBE210CM,4218,18,0.43%,Acceptable 🟢,1,Below usual 🔻,0.51%
2026,April,28,MS-26-04989,INJECTION AREA,APC-3-HOU-1,Housing for Applicator (D:1.5 cm),1172,10,0.85%,Acceptable 🟢,1,Above usual 🔺,0.57%
2026,April,28,MS-26-04990,SUPERMASTER#23,IV-HS-YL,CATHETERHUBG24W/OP,,0.03,,No data,1,No data,0.23%
2026,April,28,MS-26-04991,SUPERMASTER#25,3WAY-KNOB-4,KNOB FOR 3WAY STOPCOCK-4,,0.01,,No data,1,No data,0.09%
2026,April,28,MS-26-04992,ARBURG#12,IV-NP24-K-1,NEEDLEHOLDERW/PG24W/OSMMPNEEDLEHOLDERW/PG24KAHL,,0.04,,No data,1,No data,0.10%
2026,April,28,MS-26-04993,huarong 33,3WAY-HOU-5,3WAY HOUSING-5,,0.02,,No data,1,No data,0.36%
2026,April,28,MS-26-04994,huarong 32,3WAY-HOU-4,3WAYHOUSING4,,0.02,,No data,1,No data,0.34%
2026,April,25,MS-26-04995, ASSEMBLY AREA,G-070-1432,IVCANNULAWITHOUTPORT24GX13MM SHORT,4500,1494,2.37%,Acceptable 🟢,8,Above usual 🔺,1.44%
2026,April,23,MS-26-04996,ASSEMBLY AREA,G-401-0010,3WAYSTOPCOCKWITH10CMTUBE-STERILE,1857,665,7.16%,High reject 🔴,5,Above usual 🔺,0.40%
2026,April,21,MS-26-04997,ASSEMBLY AREA,G-401-0010,3WAYSTOPCOCKWITH10CMTUBE-STERILE,10500,760,1.45%,Acceptable 🟢,4,Above usual 🔺,0.40%
2026,April,21,MS-26-04998,ASSEMBLY AREA,G-711-34401,PURITY SURGICAL FACE MASKS WITH TIE KNOT,13200,0.26,0.00%,Acceptable 🟢,4,Below usual 🔻,0.33%
2026,April,29,MS-26-04999,Huarong#32,3WAY-HOU-4,3WAYHOUSING4,,0.02,,No data,1,No data,0.34%
2026,April,29,MS-26-05000,HUARONG#33,3WAY-HOU-5,3WAY HOUSING-5,,0.02,,No data,1,No data,0.36%
2026,April,29,MS-26-05001,ARBURG#12,IV-NP-24-K1,NEEDLEHOLDERG24W/P,,0.04,,No data,1,No data,
2026,April,21,MS-26-05002,ASSEMBLY AREA,G-711-34401,PURITY SURGICAL FACE MASKS WITH TIE KNOT,6700,1.02,0.00%,Acceptable 🟢,5,Below usual 🔻,0.33%
2026,April,29,MS-26-05003,SUPER MASTER#23,IV-HS-YL,CATHETERHUBG24W/OP,,0.05,,No data,1,No data,0.23%
2026,April,29,MS-26-05004,Super Master#25,3WAY-KNOB-4,KNOB FOR 3WAY STOPCOCK-4,,0.01,,No data,1,No data,0.09%
2026,April,19,MS-26-05005,PACKIAGING AREA,G-072-2225,IV CANNULA G22X25MM,13500,1.2,0.00%,Acceptable 🟢,2,Below usual 🔻,0.01%
2026,April,19,MS-26-05006,PACKIAGING AREA,G-162-1180,YANKUR SUCTION SET 180CM,2800,3.4,0.06%,Acceptable 🟢,2,Below usual 🔻,0.54%
2026,April,19,MS-26-05007,PACKIAGING AREA,G-162-1180,YANKUR SUCTION SET 180CM,3000,3.4,0.06%,Acceptable 🟢,2,Below usual 🔻,0.54%
2026,April,25,MS-26-05008,PACKIAGING AREA,G-421-2138,IV INFUSION SET 210CM,1250,1.12,0.04%,Acceptable 🟢,2,Below usual 🔻,0.07%
2026,April,22,MS-26-05009,ASSEMBLY AREA,G-711-34401,PURITY SURGICAL FACE MASKS WITH TIE KNOT,23600,0.45999999999999996,0.00%,Acceptable 🟢,2,Below usual 🔻,0.33%
2026,April,29,MS-26-05010,PAK FORM-2,G-371-1450,MUCOUSEXTRACTORWITHNRVSIZECH14-FUNNELCONTROLSTERILE,,1.1400000000000001,,No data,3,No data,0.11%
2026,April,29,MS-26-05011,ZHONGYI-4,G-123-0550,SUCTION CATH F/C CH:05 L-50CM,,1.1400000000000001,,No data,3,No data,0.12%
2026,April,29,MS-26-05012,INJECTION AREA,SUC-CON-T-210,SUCTIONCONNECTINGTUBE210CM,4263,13,0.30%,Acceptable 🟢,1,Below usual 🔻,0.51%
2026,April,29,MS-26-05013,INJECTION AREA,HP-C-T1733120,CONNECTING TUBE L-120 CM FOR HIGH PRESSURE,8035,35,0.44%,Acceptable 🟢,1,Above usual 🔺,0.29%
2026,April,29,MS-26-05014,INJECTION AREA,SUC-CON-T-180,SUCTIONCONNTUBES/S180CM.,3519,19,0.54%,Acceptable 🟢,1,Below usual 🔻,0.68%
2026,April,29,MS-26-05015,INJECTION AREA,SUC-CON-T-180,SUCTIONCONNTUBES/S180CM.,4015,15,0.37%,Acceptable 🟢,1,Below usual 🔻,0.68%
2026,April,29,MS-26-05016,INJECTION AREA,BBT-7MM-5MTR,BABBLESTUBEID=7MMTL=5MT,740,40,5.41%,High reject 🔴,1,Above usual 🔺,2.35%
2026,April,29,MS-26-05017,INJECTION AREA,PET-240ML,PET PLASTIC BOTTLE 240 ML WHITE,3017,60,1.99%,Acceptable 🟢,1,Above usual 🔺,0.79%
2026,April,29,MS-26-05018,INJECTION AREA,GALLON-5LTR-2,GALLON 5 LITER -2,21,1,4.76%,Acceptable 🟢,1,Above usual 🔺,2.89%
2026,April,29,MS-26-05019,INJECTION AREA,GALLON-COV-2-WH,COVER -2 WHITE FOR 5 LTR GALLON -2,2105,30,1.43%,Acceptable 🟢,1,Below usual 🔻,3.69%
2026,April,29,MS-26-05020,INJECTION AREA,GALLON-IC-2-WH,INSERT CAP -2 WHITE FOR 5 LTR GALLON -2,2903,25,0.86%,Acceptable 🟢,1,Above usual 🔺,0.79%
2026,April,29,MS-26-05021,INJECTION AREA,PET-CAP-240ML,CAP FOR BOTTLE PET 240 ML,2310,40,1.73%,Acceptable 🟢,1,At usual ✅,1.73%
2026,April,29,MS-26-05022,INJECTION AREA,PET-CAP-50,PET CAP FOR 50ML BOTTLE,9119,70,0.77%,Acceptable 🟢,1,Above usual 🔺,0.66%
2026,April,29,MS-26-05023,Pak Form-1,G-093-4000,LARYENGEL AIRWAY SIZE 4.0,,1.52,,No data,3,No data,
2026,April,29,MS-26-05024,INJECTION AREA,PVC-66CZV1NA-M,PVCCOMP-MXMED-66CZV1NAM,2620,20,0.76%,Acceptable 🟢,1,Above usual 🔺,0.45%
2026,April,29,MS-26-05025,INJECTION AREA,3WAY-M-CAP,3WAYMALECAP,62887,110,0.17%,Acceptable 🟢,1,Above usual 🔺,0.16%
2026,April,29,MS-26-05026,INJECTION AREA,GU-ADVANCER,GUIDEWIREADVANCER,2635,25,0.95%,Acceptable 🟢,1,Below usual 🔻,1.78%
2026,April,29,MS-26-05027,INJECTION AREA,GU-CAP,GUIDEWIRECAP,2419,19,0.79%,Acceptable 🟢,1,Below usual 🔻,1.31%
2026,April,29,MS-26-05028,INJECTION AREA,UM-CAP,URINALMALECOVERCAP,627,5,0.80%,Acceptable 🟢,1,Above usual 🔺,0.49%
2026,April,29,MS-26-05029,INJECTION AREA,F-S-HOLDER,FACESHEILDHOLDER,3902,12,0.31%,Acceptable 🟢,1,Below usual 🔻,0.48%
2026,April,29,MS-26-05030,INJECTION AREA,IV-NP24-K-1,NEEDLEHOLDERW/PG24W/OSMMPNEEDLEHOLDERW/PG24KAHL,35020,20,0.06%,Acceptable 🟢,1,Below usual 🔻,0.10%
2026,April,29,MS-26-05031,INJECTION AREA,BR-FILTER-B,BREATHINGFILTERBIG(HME),2597,22,0.85%,Acceptable 🟢,1,Above usual 🔺,0.29%
2026,April,29,MS-26-05032,INJECTION AREA,YAN-CON-UV,YANKAUERCONNECTORUNIVERSAL,16457,30,0.18%,Acceptable 🟢,1,Below usual 🔻,0.23%
2026,April,29,MS-26-05033,INJECTION AREA,MALE-CON-LL-2,MALE CONNECTOR LUER LOCK NEW,30839,115,0.37%,Acceptable 🟢,1,Above usual 🔺,0.33%
2026,April,29,MS-26-05034,INJECTION AREA,BR-FILTER-COV,BREATHINGFILTERCOVER,3293,10,0.30%,Acceptable 🟢,1,Below usual 🔻,0.45%
2026,April,29,MS-26-05035,INJECTION AREA,BB-HOLDER,HOLDERFORBCBAG,189,5,2.65%,Acceptable 🟢,1,Above usual 🔺,0.48%
2026,April,29,MS-26-05036,INJECTION AREA,IV-HS-YL,CATHETERHUBG24W/OP,23932,30,0.13%,Acceptable 🟢,1,Below usual 🔻,0.23%
2026,April,29,MS-26-05037,INJECTION AREA,3WAY-KNOB-4,KNOB FOR 3WAY STOPCOCK-4,24872,20,0.08%,Acceptable 🟢,1,Below usual 🔻,0.09%
2026,April,29,MS-26-05038,INJECTION AREA,YAN-H-CTV,YANKAUERHANDLECTV,7983,48,0.60%,Acceptable 🟢,1,Below usual 🔻,0.65%
2026,April,29,MS-26-05039,INJECTION AREA,EP-UNIV,ENDPLUG-2,44187,17,0.04%,Acceptable 🟢,1,Below usual 🔻,0.08%
2026,April,29,MS-26-05040,INJECTION AREA,3WAY-HOU-4,3WAYHOUSING4,14265,16,0.11%,Acceptable 🟢,1,Below usual 🔻,0.34%
2026,April,29,MS-26-05041,INJECTION AREA,3WAY-HOU-5,3WAY HOUSING-5,7183,17,0.24%,Acceptable 🟢,1,Below usual 🔻,0.36%
2026,April,29,MS-26-05042,PAK FORM- 1,G-093-5000,LARYENGEL AIRWAY SIZE 5.0,,1.2000000000000002,,No data,3,No data,0.77%
2026,April,29,MS-26-05043,Huarong#32,3WAY-HOU-4,3WAYHOUSING4,,0.02,,No data,1,No data,0.34%
2026,April,29,MS-26-05044,HUARONG#33,3WAY-HOU-5,3WAY HOUSING-5,,0.02,,No data,1,No data,0.36%
2026,April,29,MS-26-05045,HUARONG#28,GALLON-IC-2-WH,INSERT CAP -2 WHITE FOR 5 LTR GALLON -2,,0.17,,No data,2,No data,0.79%
2026,April,29,MS-26-05046,HUARONG#30,GALLON-COV-2-WH,COVER -2 WHITE FOR 5 LTR GALLON -2,,0.55,,No data,2,No data,3.69%
2026,April,29,MS-26-05047,SUPERMASTER#23,IV-HS-YL,CATHETERHUBG24W/OP,,0.03,,No data,1,No data,0.23%
2026,April,29,MS-26-05048,SUPERMASTER#25,3WAY-KNOB-4,KNOB FOR 3WAY STOPCOCK-4,,0.01,,No data,1,No data,0.09%
2026,April,29,MS-26-05049,ARBURG#12,IV-NP24-K-1,NEEDLEHOLDERW/PG24W/OSMMPNEEDLEHOLDERW/PG24KAHL,,0.04,,No data,1,No data,0.10%
2026,April,29,MS-26-05050,huarong 32,3WAY-HOU-4,3WAYHOUSING4,,0.02,,No data,1,No data,0.34%
2026,April,29,MS-26-05051,huarong 33,3WAY-HOU-5,3WAY HOUSING-5,,0.02,,No data,1,No data,0.36%
